-- phpMyAdmin SQL Dump
-- version 4.9.0.1
-- https://www.phpmyadmin.net/
--
-- Host: 127.0.0.1
-- Tempo de geração: 03-Set-2019 às 06:14
-- Versão do servidor: 10.4.6-MariaDB
-- versão do PHP: 7.1.31

SET SQL_MODE = "NO_AUTO_VALUE_ON_ZERO";
SET AUTOCOMMIT = 0;
START TRANSACTION;
SET time_zone = "+00:00";


/*!40101 SET @OLD_CHARACTER_SET_CLIENT=@@CHARACTER_SET_CLIENT */;
/*!40101 SET @OLD_CHARACTER_SET_RESULTS=@@CHARACTER_SET_RESULTS */;
/*!40101 SET @OLD_COLLATION_CONNECTION=@@COLLATION_CONNECTION */;
/*!40101 SET NAMES utf8mb4 */;

--
-- Banco de dados: `locadora`
--

-- --------------------------------------------------------

--
-- Estrutura da tabela `tb_cliente`
--

CREATE TABLE `tb_cliente` (
  `COD_CLIENTE` int(11) NOT NULL,
  `CLIENTE_TITULAR` int(11) DEFAULT NULL,
  `NOME` varchar(60) DEFAULT NULL,
  `TELEFONE` varchar(20) DEFAULT NULL,
  `ENDERECO` varchar(60) DEFAULT NULL,
  `CIDADE` varchar(20) DEFAULT NULL,
  `UF` char(2) DEFAULT NULL,
  `EMAIL` varchar(100) DEFAULT NULL
) ENGINE=InnoDB DEFAULT CHARSET=latin1;

--
-- Extraindo dados da tabela `tb_cliente`
--

INSERT INTO `tb_cliente` (`COD_CLIENTE`, `CLIENTE_TITULAR`, `NOME`, `TELEFONE`, `ENDERECO`, `CIDADE`, `UF`, `EMAIL`) VALUES
(1, NULL, 'Joaquim Maria Machado de Assis ', '32-2113-6009', 'Rua Rio de Janeiro, 1839', 'Bicas', 'MG', NULL),
(2, NULL, 'João Paulo Emílio Cristóvão dos Santos Coelho Barreto', '32-2431-6112', 'Rua Rio de Janeiro, 1881/201', 'Bicas', 'MG', NULL),
(3, 2, 'Afonso Henriques de Lima Barreto ', NULL, 'Rua Rio de Janeiro, 1881/301', 'Bicas', 'MG', NULL),
(4, NULL, 'Júlia Valentim da Silveira Lopes de Almeida ', NULL, 'Rua Rio de Janeiro, 1934', 'Bicas', 'MG', NULL),
(5, NULL, 'João Simões Lopes Neto ', NULL, 'Rua Pelotas, 1865', 'Bicas', 'MG', NULL),
(6, NULL, 'Jose Bento Renato Monteiro Lobato ', NULL, 'Rua Taubaté, 1882', 'Guaratinguetá', 'SP', NULL),
(7, NULL, 'Antônio Castilho de Alcântara Machado d\'Oliveira', NULL, 'Av, São Paulo, 1901', 'Bicas', 'MG', NULL),
(8, NULL, 'Graciliano Ramos de Oliveira ', NULL, 'Rua Qebrangulo, 1892', 'Queluz', 'SP', NULL),
(9, NULL, 'Eddy Dias da Cruz ', '32-2432-9877', 'Rua Rio de Janeiro, 1907', 'Bicas', 'MG', NULL),
(10, NULL, 'Aníbal Monteiro Machado ', NULL, 'Rua Sabará, 1884', 'Bicas', 'MG', NULL),
(11, NULL, 'Mário Raul de Morais Andrade ', NULL, 'Av, São Paulo, 1893', 'Bicas', 'MG', NULL),
(12, NULL, 'Bernardo Élis Fleury de Campos Curado ', NULL, 'Rua Corumbá de Goiás, 1915/201', 'Três Rios', 'RJ', NULL),
(13, NULL, 'Carlos Drummond de Andrade ', '32-2655-9711', 'Rua Itabira, 1902', 'Bicas', 'MG', NULL),
(14, NULL, 'Osman da Costa Lins ', NULL, 'Rua Vitória de Santo Antão, 1924', 'Vitória', 'ES', NULL),
(15, NULL, 'Murilo Eugênio Rubião ', '32-2761-9891', 'Rua Carmo de Minas, 1916', 'Juiz de Fora', 'MG', NULL),
(16, NULL, 'Samuel Rawet', NULL, 'Av, Polônia, 1929', 'Petrópolis', 'RJ', NULL),
(17, NULL, 'Rubem Braga ', NULL, 'Rua Cachoeiro de Itapemirim, 1913', 'S,J, Nepomucemo', 'MG', NULL),
(18, NULL, 'Rachel de Queiroz', NULL, 'Av, Fortaleza, 1910', 'S,J, Nepomucemo', 'MG', NULL),
(19, NULL, 'Érico Lopes Veríssimo', NULL, 'Rua Cruz Alta, 1905', 'S,J, Nepomucemo', 'MG', NULL),
(20, 22, 'Dinah Silveira de Queiroz', NULL, 'Av, São Paulo, 1911', 'Bicas', 'MG', NULL),
(21, NULL, 'José J, Veiga', NULL, 'Rua Corumbá de Goiás, 1915/301', 'Três Rios', 'RJ', NULL),
(22, NULL, 'José Rubem Fonseca ', NULL, 'Av, Juiz de Fora, 1911', 'Bicas', 'MG', NULL),
(23, 16, 'Clarice Lispector', NULL, 'Av, Ucrânia, 1920', 'Petrópolis', 'RJ', NULL),
(24, NULL, 'Otto de Oliveira Lara Resende ', NULL, 'Rua São João del Rey, 1922', 'Juiz de Fora', 'MG', NULL),
(25, NULL, 'Orígenes Lessa ', NULL, 'Rua Lençóis Paulistas, 1903', 'Bicas', 'MG', NULL),
(26, NULL, 'Lygia Fagundes Telles ', NULL, 'Av, São Paulo, 1923', 'Bicas', 'MG', NULL),
(27, 2, 'Fernando Tavares Sabino ', NULL, 'Av, Belo Horizone, 1923', 'Bicas', 'MG', NULL),
(28, NULL, 'Dalton Jérson Trevisan ', '32-2512-0808', 'Rua Curitiba, 1925', 'Bicas', 'MG', NULL),
(29, NULL, 'Carlos Heitor Cony ', NULL, 'Rua Rio de Janeiro, 1926', 'Bicas', 'MG', NULL),
(30, 19, 'Roberto Francis Drummond ', '32-2114-9587', 'Rua Ferros, 1933', 'S,J, Nepomucemo', 'MG', NULL),
(31, NULL, 'Nélida Cuiñas Piñon ', NULL, 'Rua Rio de Janeiro, 1937', 'Bicas', 'MG', NULL),
(32, NULL, 'João Ubaldo Osório Pimentel Ribeiro ', '32-2661-7755', 'Rua Itaparica, 1923', 'Juiz de Fora', 'MG', NULL),
(33, 9, 'Sérgio Sant\'Anna ', NULL, 'Rua Rio de Janeiro, 1941', 'Bicas', 'MG', NULL);

-- --------------------------------------------------------

--
-- Estrutura da tabela `tb_exemplar`
--

CREATE TABLE `tb_exemplar` (
  `COD_EXEMPLAR` int(11) NOT NULL,
  `COD_FILME` int(11) NOT NULL
) ENGINE=InnoDB DEFAULT CHARSET=latin1;

--
-- Extraindo dados da tabela `tb_exemplar`
--

INSERT INTO `tb_exemplar` (`COD_EXEMPLAR`, `COD_FILME`) VALUES
(1, 1),
(2, 1),
(3, 1),
(4, 1),
(5, 1),
(6, 1),
(7, 1),
(8, 1),
(9, 2),
(10, 3),
(11, 3),
(12, 3),
(13, 3),
(14, 3),
(15, 3),
(16, 3),
(17, 4),
(18, 5),
(19, 5),
(20, 5),
(21, 5),
(22, 5),
(23, 5),
(24, 5),
(25, 5),
(26, 5),
(27, 6),
(28, 6),
(29, 6),
(30, 6),
(31, 6),
(32, 6),
(33, 6),
(34, 6),
(35, 6),
(36, 7),
(37, 7),
(38, 7),
(39, 7),
(40, 7),
(41, 8),
(42, 8),
(43, 8),
(44, 8),
(45, 9),
(46, 9),
(47, 9),
(48, 9),
(49, 9),
(50, 9),
(51, 9),
(52, 10),
(53, 10),
(54, 10),
(55, 10),
(56, 11),
(57, 12),
(58, 12),
(59, 12),
(60, 12),
(61, 12),
(62, 12),
(63, 12),
(64, 12),
(65, 12),
(66, 13),
(67, 13),
(68, 15),
(69, 16),
(70, 16),
(71, 16),
(72, 16),
(73, 16),
(74, 16),
(75, 16),
(76, 17),
(77, 17),
(78, 17),
(79, 17),
(80, 17),
(81, 17),
(82, 18),
(83, 19),
(84, 20),
(85, 20),
(86, 20),
(87, 20),
(88, 20),
(89, 20),
(90, 20),
(91, 20),
(92, 21),
(93, 21),
(94, 21),
(95, 21),
(96, 21),
(97, 21),
(98, 21),
(99, 21),
(100, 21),
(101, 22),
(102, 22),
(103, 22),
(104, 22);

-- --------------------------------------------------------

--
-- Estrutura da tabela `tb_filme`
--

CREATE TABLE `tb_filme` (
  `COD_FILME` int(11) NOT NULL,
  `NOME` varchar(100) DEFAULT NULL,
  `NOME_ORIGINAL` varchar(100) DEFAULT NULL,
  `ANO` int(4) DEFAULT NULL,
  `DURACAO_MINUTOS` int(11) DEFAULT NULL,
  `PRECO_SUGERIDO_LOCACAO` float(10,2) DEFAULT NULL,
  `CENSURA` int(11) NOT NULL
) ENGINE=InnoDB DEFAULT CHARSET=latin1;

--
-- Extraindo dados da tabela `tb_filme`
--

INSERT INTO `tb_filme` (`COD_FILME`, `NOME`, `NOME_ORIGINAL`, `ANO`, `DURACAO_MINUTOS`, `PRECO_SUGERIDO_LOCACAO`, `CENSURA`) VALUES
(1, 'Advogado do Diabo', 'The Devil\'s Advocate', 1999, 145, 6.35, 18),
(2, 'Amor Alem da Vida', 'What Dreams May Come', 1998, 90, 11.87, 12),
(3, 'Casa dos Espiritos, A', 'The House of the Spirits', 1993, 150, 8.16, 16),
(4, 'Ceu pode Esperar,O', 'Heaven can Wait', 1978, 120, 4.18, 0),
(5, 'Contato', 'Contact', 1997, 150, 7.32, 12),
(6, 'Corpo Fechado', 'Unbreakable', 2000, 110, 9.57, 16),
(7, 'Em Algum Lugar do Passado', 'Somewhere in Time', 1980, 85, 13.89, 0),
(8, 'Energia Pura', 'Powder', 1995, 75, 5.76, 16),
(9, 'Feitiço do Tempo', 'Groundhog Day', 1993, 115, 13.76, 0),
(10, 'Fernao Capelo Gaivota', 'Jonathan Livingstone Seagull', 1973, 60, 8.65, 0),
(11, 'Gasparzinho', 'Casper', 1995, 100, 7.32, 0),
(12, 'Ghost: do Outro Lado da Vida', 'Ghost', 1990, 145, 8.54, 16),
(13, 'Linha Mortal ', 'Flatliners', 1990, NULL, 5.88, 18),
(15, 'Mente Brilhante, Uma', 'A Beautiful Mind', 2001, NULL, 6.80, 16),
(16, 'Misterio da Libelula, O', 'Dragonfly', 2002, NULL, 7.81, 16),
(17, 'Morrendo e Aprendendo', 'Heart and Souls', 1993, NULL, 9.18, 12),
(18, 'Outros, Os', 'The Others', 2001, NULL, 9.43, 16),
(19, 'Paixao Eterna', 'Made in Heaven', 1987, NULL, 13.02, 0),
(20, 'Sexto Sentido', 'The Sixth Sense', 1999, NULL, 10.99, 16),
(21, 'Violino Vermelho', 'The Red Violin', 1998, 135, 10.26, 16),
(22, 'Voltar A Morrer', 'Dead Again', 1991, 120, 7.74, 18);

-- --------------------------------------------------------

--
-- Estrutura da tabela `tb_locacao`
--

CREATE TABLE `tb_locacao` (
  `COD_EXEMPLAR` int(11) NOT NULL,
  `COD_CLIENTE` int(11) NOT NULL,
  `DT_SAIDA` varchar(15) DEFAULT NULL,
  `DT_DEVOLUCAO` varchar(20) DEFAULT NULL,
  `PRECO_APLICADO` float(10,2) DEFAULT NULL
) ENGINE=InnoDB DEFAULT CHARSET=latin1;

--
-- Extraindo dados da tabela `tb_locacao`
--

INSERT INTO `tb_locacao` (`COD_EXEMPLAR`, `COD_CLIENTE`, `DT_SAIDA`, `DT_DEVOLUCAO`, `PRECO_APLICADO`) VALUES
(14, 17, '01/05/07', NULL, NULL),
(10, 18, '07/04/08', NULL, NULL),
(11, 18, '10/11/02', NULL, NULL),
(12, 18, '18/12/01', NULL, NULL),
(13, 18, '06/03/99', NULL, NULL),
(14, 18, '20/09/07', NULL, NULL),
(15, 18, '26/03/05', NULL, NULL),
(10, 19, '21/11/00', NULL, NULL),
(11, 19, '21/09/02', NULL, NULL),
(10, 20, '20/03/99', NULL, NULL),
(10, 21, '16/02/00', NULL, NULL),
(11, 21, '11/06/99', NULL, NULL),
(12, 21, '20/12/02', NULL, NULL),
(13, 21, '19/12/07', NULL, NULL),
(14, 21, '29/08/00', NULL, NULL),
(15, 21, '28/05/07', NULL, NULL),
(10, 22, '14/08/07', NULL, NULL),
(11, 22, '08/10/01', NULL, NULL),
(10, 23, '08/10/05', NULL, NULL),
(11, 23, '07/08/08', NULL, NULL),
(12, 23, '25/05/06', NULL, NULL),
(13, 23, '10/09/99', NULL, NULL),
(14, 23, '13/08/05', NULL, NULL),
(15, 23, '22/10/01', NULL, NULL),
(10, 24, '06/01/05', NULL, NULL),
(11, 24, '26/06/06', NULL, NULL),
(12, 24, '24/05/04', NULL, NULL),
(13, 24, '22/12/99', NULL, NULL),
(10, 25, '16/04/08', NULL, NULL),
(11, 25, '12/12/04', NULL, NULL),
(12, 25, '17/02/01', NULL, NULL),
(13, 25, '21/06/07', NULL, NULL),
(14, 25, '17/07/02', NULL, NULL),
(10, 26, '08/10/03', NULL, NULL),
(10, 27, '31/10/06', NULL, NULL),
(11, 27, '02/04/07', NULL, NULL),
(12, 27, '19/02/04', NULL, NULL),
(13, 27, '07/04/99', NULL, NULL),
(14, 27, '15/11/03', NULL, NULL),
(15, 27, '07/04/03', NULL, NULL),
(10, 28, '16/10/04', NULL, NULL),
(11, 28, '18/05/07', NULL, NULL),
(12, 28, '03/08/03', NULL, NULL),
(13, 28, '30/09/03', NULL, NULL),
(10, 29, '29/12/06', NULL, NULL),
(11, 29, '03/12/05', NULL, NULL),
(12, 29, '20/07/03', NULL, NULL),
(13, 29, '29/07/08', NULL, NULL),
(10, 30, '14/09/03', NULL, NULL),
(11, 30, '05/07/01', NULL, NULL),
(17, 1, '13/04/06', NULL, NULL),
(17, 2, '06/10/05', NULL, NULL),
(17, 3, '13/10/03', NULL, NULL),
(17, 4, '29/11/07', NULL, NULL),
(17, 5, '17/07/99', NULL, NULL),
(17, 6, '24/02/06', NULL, NULL),
(17, 7, '17/02/06', NULL, NULL),
(17, 8, '16/07/08', NULL, NULL),
(17, 9, '16/02/03', NULL, NULL),
(17, 10, '25/06/05', NULL, NULL),
(17, 11, '24/05/06', NULL, NULL),
(17, 12, '20/08/00', NULL, NULL),
(17, 13, '30/07/01', NULL, NULL),
(17, 14, '20/06/05', NULL, NULL),
(17, 15, '29/11/99', NULL, NULL),
(17, 16, '27/05/08', NULL, NULL),
(17, 17, '03/01/05', NULL, NULL),
(17, 18, '02/04/07', NULL, NULL),
(17, 19, '07/10/00', NULL, NULL),
(17, 20, '08/10/06', NULL, NULL),
(17, 21, '14/12/99', NULL, NULL),
(17, 22, '18/10/05', NULL, NULL),
(17, 23, '30/09/01', NULL, NULL),
(17, 24, '05/04/06', NULL, NULL),
(17, 25, '03/10/99', NULL, NULL),
(17, 26, '02/02/04', NULL, NULL),
(17, 27, '05/06/04', NULL, NULL),
(17, 28, '02/09/05', NULL, NULL),
(17, 29, '23/06/99', NULL, NULL),
(17, 30, '20/04/01', NULL, NULL),
(18, 1, '22/11/06', NULL, NULL),
(19, 1, '29/07/07', NULL, NULL),
(20, 1, '04/08/07', NULL, NULL),
(21, 1, '19/07/05', NULL, NULL),
(22, 1, '21/03/07', NULL, NULL),
(18, 2, '17/11/02', NULL, NULL),
(19, 2, '23/11/07', NULL, NULL),
(20, 2, '19/06/01', NULL, NULL),
(21, 2, '27/07/06', NULL, NULL),
(22, 2, '24/04/06', NULL, NULL),
(18, 3, '22/11/05', NULL, NULL),
(19, 3, '17/07/02', NULL, NULL),
(20, 3, '12/04/00', NULL, NULL),
(21, 3, '27/05/99', NULL, NULL),
(22, 3, '10/04/04', NULL, NULL),
(18, 4, '13/02/07', NULL, NULL),
(19, 4, '01/05/02', NULL, NULL),
(20, 4, '22/10/05', NULL, NULL),
(21, 4, '25/10/00', NULL, NULL),
(22, 4, '03/03/02', NULL, NULL),
(23, 4, '03/05/05', NULL, NULL),
(24, 4, '12/10/07', NULL, NULL),
(25, 4, '02/05/05', NULL, NULL),
(18, 5, '25/06/05', NULL, NULL),
(18, 6, '24/10/99', NULL, NULL),
(19, 6, '23/07/07', NULL, NULL),
(20, 6, '28/08/08', NULL, NULL),
(21, 6, '19/02/02', NULL, NULL),
(22, 6, '15/08/05', NULL, NULL),
(18, 7, '01/03/08', NULL, NULL),
(19, 7, '26/12/07', NULL, NULL),
(18, 8, '04/12/03', NULL, NULL),
(18, 9, '17/05/01', NULL, NULL),
(19, 9, '30/10/03', NULL, NULL),
(20, 9, '16/06/06', NULL, NULL),
(21, 9, '24/08/06', NULL, NULL),
(22, 9, '30/10/03', NULL, NULL),
(18, 10, '13/01/00', NULL, NULL),
(19, 10, '18/12/99', NULL, NULL),
(20, 10, '18/04/02', NULL, NULL),
(21, 10, '19/01/04', NULL, NULL),
(22, 10, '13/06/02', NULL, NULL),
(23, 10, '13/04/06', NULL, NULL),
(18, 11, '19/06/04', NULL, NULL),
(19, 11, '14/04/01', NULL, NULL),
(20, 11, '07/12/05', NULL, NULL),
(21, 11, '02/03/04', NULL, NULL),
(22, 11, '21/01/99', NULL, NULL),
(18, 12, '05/10/02', NULL, NULL),
(19, 12, '21/06/05', NULL, NULL),
(20, 12, '11/09/01', NULL, NULL),
(18, 13, '07/08/04', NULL, NULL),
(19, 13, '14/06/03', NULL, NULL),
(20, 13, '11/07/08', NULL, NULL),
(21, 13, '04/07/03', NULL, NULL),
(22, 13, '20/02/05', NULL, NULL),
(23, 13, '23/06/03', NULL, NULL),
(24, 13, '14/03/05', NULL, NULL),
(25, 13, '10/08/04', NULL, NULL),
(18, 14, '24/12/02', NULL, NULL),
(19, 14, '01/11/04', NULL, NULL),
(20, 14, '27/03/00', NULL, NULL),
(21, 14, '24/11/00', NULL, NULL),
(22, 14, '07/03/07', NULL, NULL),
(23, 14, '15/03/03', NULL, NULL),
(24, 14, '18/04/06', NULL, NULL),
(18, 15, '23/08/00', NULL, NULL),
(19, 15, '26/08/03', NULL, NULL),
(18, 16, '07/11/99', NULL, NULL),
(19, 16, '10/04/05', NULL, NULL),
(20, 16, '07/02/00', NULL, NULL),
(21, 16, '07/11/05', NULL, NULL),
(18, 17, '03/09/05', NULL, NULL),
(19, 17, '03/07/04', NULL, NULL),
(20, 17, '09/03/02', NULL, NULL),
(21, 17, '18/09/04', NULL, NULL),
(22, 17, '18/08/02', NULL, NULL),
(23, 17, '31/12/02', NULL, NULL),
(24, 17, '26/01/00', NULL, NULL),
(18, 18, '14/08/03', NULL, NULL),
(19, 18, '22/03/01', NULL, NULL),
(20, 18, '17/01/03', NULL, NULL),
(21, 18, '20/04/08', NULL, NULL),
(22, 18, '28/10/01', NULL, NULL),
(23, 18, '21/08/05', NULL, NULL),
(18, 19, '10/04/06', NULL, NULL),
(19, 19, '23/02/00', NULL, NULL),
(20, 19, '06/09/03', NULL, NULL),
(21, 19, '05/03/08', NULL, NULL),
(22, 19, '29/09/02', NULL, NULL),
(23, 19, '31/08/08', NULL, NULL),
(24, 19, '30/07/08', NULL, NULL),
(25, 19, '07/04/08', NULL, NULL),
(18, 20, '14/09/03', NULL, NULL),
(19, 20, '23/04/06', NULL, NULL),
(20, 20, '10/08/03', NULL, NULL),
(21, 20, '02/01/02', NULL, NULL),
(22, 20, '18/10/02', NULL, NULL),
(23, 20, '04/12/04', NULL, NULL),
(18, 21, '20/05/00', NULL, NULL),
(19, 21, '16/04/04', NULL, NULL),
(20, 21, '08/09/06', NULL, NULL),
(21, 21, '11/02/01', NULL, NULL),
(18, 22, '17/06/99', NULL, NULL),
(19, 22, '03/09/05', NULL, NULL),
(20, 22, '23/09/03', NULL, NULL),
(21, 22, '05/08/07', NULL, NULL),
(22, 22, '20/01/07', NULL, NULL),
(23, 22, '11/04/04', NULL, NULL),
(24, 22, '17/06/00', NULL, NULL),
(18, 23, '07/02/00', NULL, NULL),
(19, 23, '28/02/05', NULL, NULL),
(18, 24, '14/10/01', NULL, NULL),
(19, 24, '29/04/08', NULL, NULL),
(20, 24, '17/06/02', NULL, NULL),
(21, 24, '04/08/03', NULL, NULL),
(22, 24, '15/03/05', NULL, NULL),
(23, 24, '10/12/99', NULL, NULL),
(24, 24, '18/05/05', NULL, NULL),
(25, 24, '15/05/04', NULL, NULL),
(18, 25, '28/01/02', NULL, NULL),
(19, 25, '15/10/06', NULL, NULL),
(18, 26, '04/06/06', NULL, NULL),
(19, 26, '09/03/99', NULL, NULL),
(20, 26, '24/03/04', NULL, NULL),
(21, 26, '15/03/07', NULL, NULL),
(22, 26, '03/03/99', NULL, NULL),
(23, 26, '03/03/99', NULL, NULL),
(24, 26, '26/02/05', NULL, NULL),
(25, 26, '30/08/06', NULL, NULL),
(18, 27, '29/07/02', NULL, NULL),
(19, 27, '05/08/02', NULL, NULL),
(20, 27, '15/02/05', NULL, NULL),
(18, 28, '21/03/99', NULL, NULL),
(19, 28, '24/11/99', NULL, NULL),
(20, 28, '03/01/04', NULL, NULL),
(21, 28, '11/01/00', NULL, NULL),
(22, 28, '31/12/04', NULL, NULL),
(23, 28, '17/02/08', NULL, NULL),
(24, 28, '03/08/08', NULL, NULL),
(25, 28, '16/04/03', NULL, NULL),
(18, 29, '11/03/08', NULL, NULL),
(18, 30, '26/09/03', NULL, NULL),
(19, 30, '26/07/01', NULL, NULL),
(20, 30, '12/07/08', NULL, NULL),
(21, 30, '06/01/02', NULL, NULL),
(22, 30, '14/05/07', NULL, NULL),
(23, 30, '26/09/04', NULL, NULL),
(24, 30, '03/02/00', NULL, NULL),
(25, 30, '13/10/04', NULL, NULL),
(27, 1, '28/02/01', NULL, NULL),
(27, 2, '05/10/07', NULL, NULL),
(28, 2, '22/03/07', NULL, NULL),
(29, 2, '10/09/00', NULL, NULL),
(27, 3, '17/07/03', NULL, NULL),
(28, 3, '03/09/03', NULL, NULL),
(29, 3, '06/01/99', NULL, NULL),
(30, 3, '27/12/04', NULL, NULL),
(31, 3, '29/03/01', NULL, NULL),
(32, 3, '17/07/08', NULL, NULL),
(33, 3, '10/05/03', NULL, NULL),
(34, 3, '04/08/08', NULL, NULL),
(27, 4, '09/12/05', NULL, NULL),
(28, 4, '08/10/04', NULL, NULL),
(29, 4, '22/03/04', NULL, NULL),
(30, 4, '03/12/04', NULL, NULL),
(31, 4, '07/02/03', NULL, NULL),
(32, 4, '30/03/06', NULL, NULL),
(27, 5, '02/06/01', NULL, NULL),
(28, 5, '30/09/01', NULL, NULL),
(29, 5, '08/01/04', NULL, NULL),
(30, 5, '24/06/00', NULL, NULL),
(31, 5, '13/07/07', NULL, NULL),
(32, 5, '26/11/04', NULL, NULL),
(33, 5, '31/03/06', NULL, NULL),
(27, 6, '01/12/02', NULL, NULL),
(28, 6, '25/09/04', NULL, NULL),
(29, 6, '12/10/05', NULL, NULL),
(30, 6, '23/02/04', NULL, NULL),
(27, 7, '27/11/00', NULL, NULL),
(28, 7, '11/04/99', NULL, NULL),
(29, 7, '17/07/08', NULL, NULL),
(30, 7, '11/09/04', NULL, NULL),
(31, 7, '05/01/05', NULL, NULL),
(32, 7, '19/05/04', NULL, NULL),
(33, 7, '03/02/01', NULL, NULL),
(27, 8, '19/05/04', NULL, NULL),
(28, 8, '18/01/08', NULL, NULL),
(29, 8, '10/09/05', NULL, NULL),
(30, 8, '07/12/00', NULL, NULL),
(27, 9, '05/01/04', NULL, NULL),
(28, 9, '09/12/07', NULL, NULL),
(29, 9, '22/09/01', NULL, NULL),
(30, 9, '29/03/02', NULL, NULL),
(31, 9, '09/04/08', NULL, NULL),
(32, 9, '15/03/07', NULL, NULL),
(33, 9, '21/05/02', NULL, NULL),
(27, 10, '01/09/03', NULL, NULL),
(28, 10, '20/07/06', NULL, NULL),
(29, 10, '21/05/03', NULL, NULL),
(30, 10, '08/12/07', NULL, NULL),
(31, 10, '01/02/02', NULL, NULL),
(32, 10, '15/06/07', NULL, NULL),
(27, 11, '17/10/05', NULL, NULL),
(27, 12, '07/03/99', NULL, NULL),
(28, 12, '16/09/00', NULL, NULL),
(27, 13, '24/05/08', NULL, NULL),
(28, 13, '09/03/02', NULL, NULL),
(29, 13, '18/03/02', NULL, NULL),
(30, 13, '30/05/00', NULL, NULL),
(27, 14, '11/04/99', NULL, NULL),
(28, 14, '24/06/08', NULL, NULL),
(29, 14, '20/07/05', NULL, NULL),
(30, 14, '19/02/04', NULL, NULL),
(31, 14, '08/05/03', NULL, NULL),
(32, 14, '04/05/00', NULL, NULL),
(33, 14, '17/04/99', NULL, NULL),
(27, 15, '08/07/00', NULL, NULL),
(27, 16, '11/10/05', NULL, NULL),
(28, 16, '03/03/01', NULL, NULL),
(29, 16, '19/04/06', NULL, NULL),
(30, 16, '04/03/02', NULL, NULL),
(31, 16, '16/09/00', NULL, NULL),
(32, 16, '16/12/01', NULL, NULL),
(33, 16, '27/04/01', NULL, NULL),
(34, 16, '07/02/00', NULL, NULL),
(27, 17, '04/04/07', NULL, NULL),
(28, 17, '11/05/05', NULL, NULL),
(29, 17, '25/01/02', NULL, NULL),
(27, 18, '08/04/01', NULL, NULL),
(28, 18, '19/10/04', NULL, NULL),
(29, 18, '08/04/99', NULL, NULL),
(30, 18, '15/09/07', NULL, NULL),
(31, 18, '19/02/99', NULL, NULL),
(32, 18, '21/02/04', NULL, NULL),
(27, 19, '02/08/01', NULL, NULL),
(28, 19, '18/03/08', NULL, NULL),
(29, 19, '19/06/01', NULL, NULL),
(30, 19, '19/01/99', NULL, NULL),
(31, 19, '01/09/03', NULL, NULL),
(32, 19, '24/10/01', NULL, NULL),
(33, 19, '21/09/03', NULL, NULL),
(34, 19, '20/06/06', NULL, NULL),
(27, 20, '25/01/08', NULL, NULL),
(28, 20, '15/10/02', NULL, NULL),
(29, 20, '21/12/04', NULL, NULL),
(30, 20, '02/04/04', NULL, NULL),
(31, 20, '04/01/05', NULL, NULL),
(27, 21, '02/07/07', NULL, NULL),
(28, 21, '09/05/03', NULL, NULL),
(29, 21, '01/07/01', NULL, NULL),
(30, 21, '23/10/01', NULL, NULL),
(27, 22, '30/11/06', NULL, NULL),
(28, 22, '16/07/08', NULL, NULL),
(29, 22, '10/04/05', NULL, NULL),
(30, 22, '08/03/07', NULL, NULL),
(31, 22, '30/07/08', NULL, NULL),
(32, 22, '27/01/05', NULL, NULL),
(33, 22, '03/01/99', NULL, NULL),
(27, 23, '08/04/04', NULL, NULL),
(28, 23, '27/06/08', NULL, NULL),
(29, 23, '04/05/00', NULL, NULL),
(30, 23, '15/11/01', NULL, NULL),
(31, 23, '24/02/99', NULL, NULL),
(27, 24, '10/03/08', NULL, NULL),
(28, 24, '14/09/00', NULL, NULL),
(29, 24, '24/12/03', NULL, NULL),
(30, 24, '12/04/01', NULL, NULL),
(27, 25, '18/01/06', NULL, NULL),
(27, 26, '07/02/05', NULL, NULL),
(28, 26, '27/01/06', NULL, NULL),
(27, 27, '12/07/03', NULL, NULL),
(28, 27, '16/06/99', NULL, NULL),
(29, 27, '29/10/00', NULL, NULL),
(30, 27, '21/05/00', NULL, NULL),
(31, 27, '06/10/03', NULL, NULL),
(32, 27, '11/08/07', NULL, NULL),
(33, 27, '31/03/07', NULL, NULL),
(34, 27, '16/11/05', NULL, NULL),
(27, 28, '04/09/00', NULL, NULL),
(28, 28, '08/03/07', NULL, NULL),
(29, 28, '03/06/01', NULL, NULL),
(30, 28, '18/07/04', NULL, NULL),
(31, 28, '21/06/01', NULL, NULL),
(32, 28, '25/07/04', NULL, NULL),
(33, 28, '13/03/99', NULL, NULL),
(34, 28, '24/07/01', NULL, NULL),
(27, 29, '09/08/99', NULL, NULL),
(28, 29, '28/06/04', NULL, NULL),
(29, 29, '23/04/02', NULL, NULL),
(30, 29, '28/03/02', NULL, NULL),
(31, 29, '03/09/06', NULL, NULL),
(27, 30, '16/04/07', NULL, NULL),
(36, 1, '22/10/04', NULL, NULL),
(37, 1, '20/08/05', NULL, NULL),
(36, 2, '22/02/99', NULL, NULL),
(37, 2, '07/11/05', NULL, NULL),
(38, 2, '13/09/01', NULL, NULL),
(39, 2, '05/04/99', NULL, NULL),
(36, 3, '26/07/08', NULL, NULL),
(37, 3, '08/08/03', NULL, NULL),
(38, 3, '11/12/03', NULL, NULL),
(39, 3, '02/04/07', NULL, NULL),
(36, 4, '16/03/04', NULL, NULL),
(37, 4, '05/06/00', NULL, NULL),
(36, 5, '17/04/04', NULL, NULL),
(37, 5, '10/09/04', NULL, NULL),
(38, 5, '13/06/05', NULL, NULL),
(39, 5, '06/01/04', NULL, NULL),
(36, 6, '16/07/06', NULL, NULL),
(36, 7, '03/07/00', NULL, NULL),
(37, 7, '19/10/01', NULL, NULL),
(38, 7, '03/08/04', NULL, NULL),
(39, 7, '04/05/08', NULL, NULL),
(36, 8, '06/02/08', NULL, NULL),
(37, 8, '29/01/02', NULL, NULL),
(38, 8, '09/03/04', NULL, NULL),
(36, 9, '08/01/07', NULL, NULL),
(37, 9, '16/08/02', NULL, NULL),
(38, 9, '01/10/07', NULL, NULL),
(39, 9, '10/05/04', NULL, NULL),
(36, 10, '12/03/99', NULL, NULL),
(37, 10, '14/01/99', NULL, NULL),
(38, 10, '04/01/07', NULL, NULL),
(39, 10, '08/01/06', NULL, NULL),
(36, 11, '24/12/99', NULL, NULL),
(36, 12, '25/05/04', NULL, NULL),
(37, 12, '26/12/02', NULL, NULL),
(38, 12, '02/11/04', NULL, NULL),
(39, 12, '23/11/04', NULL, NULL),
(36, 13, '07/01/99', NULL, NULL),
(36, 14, '26/07/08', NULL, NULL),
(37, 14, '11/01/07', NULL, NULL),
(38, 14, '20/11/05', NULL, NULL),
(39, 14, '27/03/05', NULL, NULL),
(36, 15, '26/06/01', NULL, NULL),
(37, 15, '15/03/07', NULL, NULL),
(38, 15, '24/02/04', NULL, NULL),
(39, 15, '18/03/05', NULL, NULL),
(36, 16, '10/06/04', NULL, NULL),
(37, 16, '28/12/04', NULL, NULL),
(38, 16, '06/11/06', NULL, NULL),
(36, 17, '14/12/02', NULL, NULL),
(37, 17, '13/11/02', NULL, NULL),
(38, 17, '28/06/01', NULL, NULL),
(39, 17, '24/05/04', NULL, NULL),
(36, 18, '16/10/06', NULL, NULL),
(36, 19, '09/06/05', NULL, NULL),
(37, 19, '05/06/06', NULL, NULL),
(36, 20, '17/04/06', NULL, NULL),
(37, 20, '13/10/00', NULL, NULL),
(36, 21, '25/05/06', NULL, NULL),
(37, 21, '28/03/03', NULL, NULL),
(36, 22, '07/11/06', NULL, NULL),
(37, 22, '02/11/03', NULL, NULL),
(38, 22, '21/05/06', NULL, NULL),
(36, 23, '07/09/00', NULL, NULL),
(36, 24, '07/10/99', NULL, NULL),
(37, 24, '31/01/01', NULL, NULL),
(38, 24, '28/02/03', NULL, NULL),
(36, 25, '12/08/04', NULL, NULL),
(36, 26, '09/01/05', NULL, NULL),
(37, 26, '12/02/05', NULL, NULL),
(38, 26, '02/07/04', NULL, NULL),
(36, 27, '05/11/03', NULL, NULL),
(37, 27, '19/12/99', NULL, NULL),
(36, 28, '11/06/04', NULL, NULL),
(36, 29, '21/06/07', NULL, NULL),
(37, 29, '17/11/06', NULL, NULL),
(36, 30, '01/01/01', NULL, NULL),
(37, 30, '13/02/06', NULL, NULL),
(38, 30, '27/01/99', NULL, NULL),
(39, 30, '01/08/00', NULL, NULL),
(41, 1, '07/02/02', NULL, NULL),
(42, 1, '02/02/07', NULL, NULL),
(41, 2, '31/03/99', NULL, NULL),
(42, 2, '09/11/02', NULL, NULL),
(41, 3, '15/02/06', NULL, NULL),
(42, 3, '01/10/01', NULL, NULL),
(41, 4, '26/07/99', NULL, NULL),
(42, 4, '10/02/07', NULL, NULL),
(43, 4, '10/09/04', NULL, NULL),
(41, 5, '16/04/00', NULL, NULL),
(42, 5, '25/06/06', NULL, NULL),
(43, 5, '04/03/03', NULL, NULL),
(41, 6, '25/05/00', NULL, NULL),
(42, 6, '13/07/01', NULL, NULL),
(43, 6, '15/06/03', NULL, NULL),
(41, 7, '24/03/06', NULL, NULL),
(42, 7, '29/04/07', NULL, NULL),
(43, 7, '15/02/05', NULL, NULL),
(41, 8, '23/04/02', NULL, NULL),
(41, 9, '20/03/01', NULL, NULL),
(41, 10, '21/10/00', NULL, NULL),
(42, 10, '29/07/04', NULL, NULL),
(43, 10, '06/08/08', NULL, NULL),
(41, 11, '24/05/07', NULL, NULL),
(42, 11, '27/05/03', NULL, NULL),
(43, 11, '06/09/04', NULL, NULL),
(41, 12, '07/01/02', NULL, NULL),
(41, 13, '28/12/03', NULL, NULL),
(42, 13, '23/01/05', NULL, NULL),
(43, 13, '26/01/02', NULL, NULL),
(41, 14, '24/01/08', NULL, NULL),
(41, 15, '09/03/02', NULL, NULL),
(41, 16, '21/10/05', NULL, NULL),
(42, 16, '10/04/08', NULL, NULL),
(43, 16, '27/03/99', NULL, NULL),
(41, 17, '21/09/04', NULL, NULL),
(42, 17, '18/04/06', NULL, NULL),
(41, 18, '13/04/99', NULL, NULL),
(41, 19, '28/08/00', NULL, NULL),
(42, 19, '04/06/05', NULL, NULL),
(41, 20, '29/07/00', NULL, NULL),
(41, 21, '16/12/01', NULL, NULL),
(42, 21, '10/08/01', NULL, NULL),
(43, 21, '21/09/06', NULL, NULL),
(41, 22, '09/10/01', NULL, NULL),
(42, 22, '20/08/00', NULL, NULL),
(43, 22, '26/03/99', NULL, NULL),
(41, 23, '07/07/05', NULL, NULL),
(42, 23, '27/02/08', NULL, NULL),
(41, 24, '19/06/03', NULL, NULL),
(42, 24, '30/04/02', NULL, NULL),
(41, 25, '12/12/99', NULL, NULL),
(42, 25, '02/09/99', NULL, NULL),
(41, 26, '12/03/02', NULL, NULL),
(42, 26, '29/11/00', NULL, NULL),
(43, 26, '17/07/02', NULL, NULL),
(41, 27, '09/12/06', NULL, NULL),
(42, 27, '06/01/04', NULL, NULL),
(43, 27, '21/12/00', NULL, NULL),
(41, 28, '02/05/04', NULL, NULL),
(42, 28, '09/10/99', NULL, NULL),
(41, 29, '09/11/05', NULL, NULL),
(42, 29, '03/04/06', NULL, NULL),
(41, 30, '22/12/04', NULL, NULL),
(42, 30, '22/08/00', NULL, NULL),
(43, 30, '22/12/01', NULL, NULL),
(45, 1, '02/11/04', NULL, NULL),
(46, 1, '07/06/01', NULL, NULL),
(47, 1, '16/04/08', NULL, NULL),
(48, 1, '23/08/05', NULL, NULL),
(45, 2, '23/06/06', NULL, NULL),
(46, 2, '18/06/00', NULL, NULL),
(47, 2, '31/12/02', NULL, NULL),
(48, 2, '23/07/02', NULL, NULL),
(49, 2, '29/06/99', NULL, NULL),
(50, 2, '01/09/05', NULL, NULL),
(45, 3, '23/10/05', NULL, NULL),
(46, 3, '21/06/02', NULL, NULL),
(47, 3, '21/05/06', NULL, NULL),
(48, 3, '12/03/04', NULL, NULL),
(49, 3, '02/04/02', NULL, NULL),
(45, 4, '02/08/05', NULL, NULL),
(45, 5, '23/10/07', NULL, NULL),
(45, 6, '29/06/07', NULL, NULL),
(46, 6, '18/04/03', NULL, NULL),
(47, 6, '16/08/08', NULL, NULL),
(48, 6, '21/11/07', NULL, NULL),
(49, 6, '28/02/99', NULL, NULL),
(45, 7, '25/02/07', NULL, NULL),
(45, 8, '03/09/08', NULL, NULL),
(46, 8, '25/07/99', NULL, NULL),
(45, 9, '01/05/02', NULL, NULL),
(46, 9, '02/08/06', NULL, NULL),
(47, 9, '18/08/99', NULL, NULL),
(48, 9, '19/05/03', NULL, NULL),
(45, 10, '27/11/04', NULL, NULL),
(46, 10, '04/02/06', NULL, NULL),
(47, 10, '19/01/06', NULL, NULL),
(45, 11, '28/03/02', NULL, NULL),
(46, 11, '12/10/07', NULL, NULL),
(47, 11, '27/04/08', NULL, NULL),
(45, 12, '18/12/04', NULL, NULL),
(46, 12, '30/04/07', NULL, NULL),
(45, 13, '06/02/03', NULL, NULL),
(46, 13, '12/09/08', NULL, NULL),
(47, 13, '17/01/04', NULL, NULL),
(48, 13, '30/07/08', NULL, NULL),
(49, 13, '22/09/00', NULL, NULL),
(45, 14, '21/09/04', NULL, NULL),
(46, 14, '30/07/00', NULL, NULL),
(47, 14, '13/06/08', NULL, NULL),
(48, 14, '08/03/06', NULL, NULL),
(49, 14, '09/02/07', NULL, NULL),
(50, 14, '17/02/99', NULL, NULL),
(45, 15, '24/07/03', NULL, NULL),
(45, 16, '26/10/02', NULL, NULL),
(46, 16, '07/07/03', NULL, NULL),
(47, 16, '03/08/07', NULL, NULL),
(48, 16, '13/06/00', NULL, NULL),
(49, 16, '14/02/07', NULL, NULL),
(50, 16, '22/07/02', NULL, NULL),
(45, 17, '25/07/99', NULL, NULL),
(46, 17, '09/07/04', NULL, NULL),
(45, 18, '22/10/07', NULL, NULL),
(45, 19, '08/03/00', NULL, NULL),
(46, 19, '19/09/03', NULL, NULL),
(47, 19, '18/11/01', NULL, NULL),
(48, 19, '25/05/06', NULL, NULL),
(49, 19, '01/04/02', NULL, NULL),
(50, 19, '13/02/99', NULL, NULL),
(45, 20, '28/12/06', NULL, NULL),
(46, 20, '11/02/03', NULL, NULL),
(47, 20, '04/07/08', NULL, NULL),
(48, 20, '13/04/05', NULL, NULL),
(45, 21, '15/01/02', NULL, NULL),
(46, 21, '11/01/04', NULL, NULL),
(47, 21, '25/09/07', NULL, NULL),
(48, 21, '04/07/03', NULL, NULL),
(49, 21, '19/01/05', NULL, NULL),
(45, 22, '01/09/05', NULL, NULL),
(45, 23, '18/05/08', NULL, NULL),
(45, 24, '28/06/99', NULL, NULL),
(46, 24, '14/09/06', NULL, NULL),
(45, 25, '07/07/07', NULL, NULL),
(46, 25, '21/11/07', NULL, NULL),
(47, 25, '17/04/02', NULL, NULL),
(48, 25, '08/03/03', NULL, NULL),
(49, 25, '07/10/07', NULL, NULL),
(45, 26, '09/01/00', NULL, NULL),
(46, 26, '09/06/05', NULL, NULL),
(47, 26, '18/09/01', NULL, NULL),
(45, 27, '29/10/03', NULL, NULL),
(46, 27, '26/07/08', NULL, NULL),
(47, 27, '10/01/02', NULL, NULL),
(45, 28, '29/03/03', NULL, NULL),
(46, 28, '02/03/00', NULL, NULL),
(47, 28, '08/02/00', NULL, NULL),
(48, 28, '26/11/05', NULL, NULL),
(45, 29, '16/07/08', NULL, NULL),
(46, 29, '01/08/06', NULL, NULL),
(47, 29, '14/12/04', NULL, NULL),
(48, 29, '08/06/03', NULL, NULL),
(49, 29, '13/04/03', NULL, NULL),
(45, 30, '09/09/00', NULL, NULL),
(46, 30, '28/02/04', NULL, NULL),
(47, 30, '02/03/01', NULL, NULL),
(48, 30, '17/04/08', NULL, NULL),
(49, 30, '09/05/05', NULL, NULL),
(50, 30, '18/09/06', NULL, NULL),
(52, 1, '11/01/01', NULL, NULL),
(53, 1, '12/12/99', NULL, NULL),
(52, 2, '19/11/07', NULL, NULL),
(53, 2, '11/04/08', NULL, NULL),
(54, 2, '04/01/08', NULL, NULL),
(52, 3, '25/06/01', NULL, NULL),
(52, 4, '01/06/01', NULL, NULL),
(53, 4, '14/11/01', NULL, NULL),
(54, 4, '20/01/07', NULL, NULL),
(52, 5, '29/09/07', NULL, NULL),
(53, 5, '21/03/06', NULL, NULL),
(52, 6, '30/10/02', NULL, NULL),
(52, 7, '06/03/08', NULL, NULL),
(53, 7, '31/08/08', NULL, NULL),
(54, 7, '09/06/05', NULL, NULL),
(52, 8, '27/01/00', NULL, NULL),
(52, 9, '03/11/99', NULL, NULL),
(53, 9, '13/06/07', NULL, NULL),
(54, 9, '07/05/05', NULL, NULL),
(52, 10, '24/04/99', NULL, NULL),
(53, 10, '25/09/07', NULL, NULL),
(54, 10, '10/03/99', NULL, NULL),
(52, 11, '28/04/03', NULL, NULL),
(53, 11, '06/07/01', NULL, NULL),
(52, 12, '25/07/01', NULL, NULL),
(53, 12, '17/08/04', NULL, NULL),
(54, 12, '20/01/04', NULL, NULL),
(52, 13, '09/01/00', NULL, NULL),
(53, 13, '26/04/08', NULL, NULL),
(52, 14, '08/11/06', NULL, NULL),
(53, 14, '12/03/02', NULL, NULL),
(54, 14, '16/12/03', NULL, NULL),
(52, 15, '08/02/05', NULL, NULL),
(52, 16, '02/09/08', NULL, NULL),
(53, 16, '07/08/03', NULL, NULL),
(52, 17, '28/12/04', NULL, NULL),
(52, 18, '13/10/07', NULL, NULL),
(53, 18, '27/09/00', NULL, NULL),
(54, 18, '12/11/01', NULL, NULL),
(52, 19, '13/01/03', NULL, NULL),
(53, 19, '18/06/06', NULL, NULL),
(54, 19, '01/08/08', NULL, NULL),
(52, 20, '01/01/00', NULL, NULL),
(53, 20, '21/03/06', NULL, NULL),
(54, 20, '29/03/03', NULL, NULL),
(52, 21, '04/11/00', NULL, NULL),
(53, 21, '17/11/99', NULL, NULL),
(52, 22, '21/01/03', NULL, NULL),
(52, 23, '06/11/01', NULL, NULL),
(52, 24, '19/12/06', NULL, NULL),
(53, 24, '18/04/06', NULL, NULL),
(52, 25, '28/08/00', NULL, NULL),
(52, 26, '06/03/06', NULL, NULL),
(53, 26, '22/07/00', NULL, NULL),
(52, 27, '22/04/02', NULL, NULL),
(52, 28, '28/07/03', NULL, NULL),
(53, 28, '22/01/08', NULL, NULL),
(54, 28, '10/10/06', NULL, NULL),
(52, 29, '09/08/06', NULL, NULL),
(52, 30, '18/07/05', NULL, NULL),
(53, 30, '08/06/05', NULL, NULL),
(56, 1, '22/11/02', NULL, NULL),
(56, 2, '16/02/00', NULL, NULL),
(56, 3, '04/07/03', NULL, NULL),
(56, 4, '24/09/07', NULL, NULL),
(56, 5, '05/01/08', NULL, NULL),
(56, 6, '14/12/07', NULL, NULL),
(56, 7, '24/11/06', NULL, NULL),
(56, 8, '18/03/04', NULL, NULL),
(56, 9, '27/04/02', NULL, NULL),
(56, 10, '18/04/02', NULL, NULL),
(56, 11, '16/12/01', NULL, NULL),
(56, 12, '18/04/01', NULL, NULL),
(56, 13, '14/01/05', NULL, NULL),
(56, 14, '31/01/04', NULL, NULL),
(56, 15, '24/09/00', NULL, NULL),
(56, 16, '14/04/02', NULL, NULL),
(56, 17, '14/05/99', NULL, NULL),
(56, 18, '08/02/07', NULL, NULL),
(56, 19, '20/01/99', NULL, NULL),
(56, 20, '20/07/06', NULL, NULL),
(56, 21, '06/05/06', NULL, NULL),
(56, 22, '08/04/07', NULL, NULL),
(56, 23, '16/06/04', NULL, NULL),
(56, 24, '23/06/01', NULL, NULL),
(56, 25, '03/04/03', NULL, NULL),
(56, 26, '01/07/00', NULL, NULL),
(56, 27, '10/04/08', NULL, NULL),
(56, 28, '28/07/00', NULL, NULL),
(56, 29, '20/12/07', NULL, NULL),
(56, 30, '25/09/02', NULL, NULL),
(57, 1, '13/05/99', NULL, NULL),
(58, 1, '10/04/01', NULL, NULL),
(59, 1, '23/07/08', NULL, NULL),
(60, 1, '17/05/08', NULL, NULL),
(61, 1, '14/04/04', NULL, NULL),
(62, 1, '27/04/06', NULL, NULL),
(57, 2, '12/12/06', NULL, NULL),
(58, 2, '08/06/07', NULL, NULL),
(59, 2, '08/01/02', NULL, NULL),
(60, 2, '28/07/07', NULL, NULL),
(61, 2, '04/12/99', NULL, NULL),
(57, 3, '27/10/00', NULL, NULL),
(58, 3, '24/07/01', NULL, NULL),
(59, 3, '31/05/07', NULL, NULL),
(57, 4, '08/10/03', NULL, NULL),
(58, 4, '19/10/00', NULL, NULL),
(59, 4, '21/07/99', NULL, NULL),
(60, 4, '20/02/07', NULL, NULL),
(61, 4, '30/07/05', NULL, NULL),
(62, 4, '27/05/04', NULL, NULL),
(57, 5, '07/04/06', NULL, NULL),
(58, 5, '08/11/03', NULL, NULL),
(57, 6, '01/05/08', NULL, NULL),
(58, 6, '16/06/07', NULL, NULL),
(59, 6, '05/02/01', NULL, NULL),
(60, 6, '28/05/03', NULL, NULL),
(61, 6, '31/05/99', NULL, NULL),
(57, 7, '15/05/06', NULL, NULL),
(58, 7, '25/07/99', NULL, NULL),
(59, 7, '21/11/01', NULL, NULL),
(60, 7, '20/12/02', NULL, NULL),
(61, 7, '30/05/02', NULL, NULL),
(62, 7, '15/11/05', NULL, NULL),
(63, 7, '25/02/03', NULL, NULL),
(64, 7, '05/12/05', NULL, NULL),
(57, 8, '23/07/02', NULL, NULL),
(58, 8, '13/02/06', NULL, NULL),
(57, 9, '21/01/03', NULL, NULL),
(58, 9, '08/08/04', NULL, NULL),
(59, 9, '04/03/05', NULL, NULL),
(60, 9, '04/10/02', NULL, NULL),
(61, 9, '15/05/02', NULL, NULL),
(62, 9, '27/09/99', NULL, NULL),
(57, 10, '18/01/02', NULL, NULL),
(58, 10, '19/02/08', NULL, NULL),
(59, 10, '30/06/06', NULL, NULL),
(60, 10, '16/08/06', NULL, NULL),
(61, 10, '15/02/06', NULL, NULL),
(62, 10, '20/02/04', NULL, NULL),
(63, 10, '20/12/07', NULL, NULL),
(57, 11, '31/05/08', NULL, NULL),
(58, 11, '14/04/08', NULL, NULL),
(59, 11, '11/05/07', NULL, NULL),
(60, 11, '02/04/06', NULL, NULL),
(57, 12, '18/02/08', NULL, NULL),
(57, 13, '31/10/05', NULL, NULL),
(58, 13, '25/03/04', NULL, NULL),
(59, 13, '06/06/08', NULL, NULL),
(60, 13, '28/10/01', NULL, NULL),
(57, 14, '27/01/05', NULL, NULL),
(58, 14, '10/05/04', NULL, NULL),
(59, 14, '02/09/06', NULL, NULL),
(60, 14, '08/06/04', NULL, NULL),
(57, 15, '08/04/00', NULL, NULL),
(57, 16, '13/04/00', NULL, NULL),
(58, 16, '22/03/07', NULL, NULL),
(59, 16, '19/01/05', NULL, NULL),
(60, 16, '16/12/05', NULL, NULL),
(61, 16, '06/10/00', NULL, NULL),
(62, 16, '29/06/00', NULL, NULL),
(63, 16, '27/02/01', NULL, NULL),
(57, 17, '09/12/04', NULL, NULL),
(58, 17, '07/10/01', NULL, NULL),
(59, 17, '12/07/08', NULL, NULL),
(60, 17, '20/11/05', NULL, NULL),
(61, 17, '23/08/02', NULL, NULL),
(62, 17, '15/12/01', NULL, NULL),
(63, 17, '28/06/04', NULL, NULL),
(57, 18, '30/07/06', NULL, NULL),
(58, 18, '14/09/99', NULL, NULL),
(57, 19, '19/03/03', NULL, NULL),
(58, 19, '13/07/01', NULL, NULL),
(59, 19, '30/09/02', NULL, NULL),
(60, 19, '05/06/07', NULL, NULL),
(61, 19, '05/04/99', NULL, NULL),
(62, 19, '04/02/99', NULL, NULL),
(63, 19, '22/09/07', NULL, NULL),
(57, 20, '24/01/02', NULL, NULL),
(58, 20, '10/12/02', NULL, NULL),
(59, 20, '31/08/99', NULL, NULL),
(60, 20, '10/03/04', NULL, NULL),
(61, 20, '27/11/07', NULL, NULL),
(62, 20, '09/08/04', NULL, NULL),
(63, 20, '13/06/00', NULL, NULL),
(57, 21, '06/10/04', NULL, NULL),
(58, 21, '03/03/00', NULL, NULL),
(59, 21, '14/09/00', NULL, NULL),
(60, 21, '26/08/05', NULL, NULL),
(61, 21, '14/06/02', NULL, NULL),
(62, 21, '01/06/02', NULL, NULL),
(57, 22, '16/12/99', NULL, NULL),
(58, 22, '27/09/99', NULL, NULL),
(59, 22, '09/03/07', NULL, NULL),
(60, 22, '07/03/04', NULL, NULL),
(61, 22, '27/06/03', NULL, NULL),
(62, 22, '30/08/00', NULL, NULL),
(63, 22, '10/10/05', NULL, NULL),
(64, 22, '25/12/01', NULL, NULL),
(57, 23, '18/12/06', NULL, NULL),
(58, 23, '22/08/03', NULL, NULL),
(57, 24, '10/09/06', NULL, NULL),
(58, 24, '16/05/00', NULL, NULL),
(59, 24, '16/03/06', NULL, NULL),
(60, 24, '19/09/03', NULL, NULL),
(61, 24, '15/04/99', NULL, NULL),
(62, 24, '13/09/04', NULL, NULL),
(63, 24, '25/02/01', NULL, NULL),
(64, 24, '07/05/06', NULL, NULL),
(57, 25, '21/10/00', NULL, NULL),
(58, 25, '19/03/03', NULL, NULL),
(59, 25, '22/12/04', NULL, NULL),
(60, 25, '29/11/01', NULL, NULL),
(61, 25, '23/10/03', NULL, NULL),
(62, 25, '28/08/03', NULL, NULL),
(57, 26, '11/02/04', NULL, NULL),
(58, 26, '02/04/00', NULL, NULL),
(57, 27, '27/04/07', NULL, NULL),
(58, 27, '12/12/03', NULL, NULL),
(59, 27, '22/12/99', NULL, NULL),
(60, 27, '05/12/07', NULL, NULL),
(61, 27, '04/03/02', NULL, NULL),
(62, 27, '02/12/00', NULL, NULL),
(63, 27, '12/11/05', NULL, NULL),
(64, 27, '19/12/00', NULL, NULL),
(57, 28, '16/04/00', NULL, NULL),
(57, 29, '13/08/99', NULL, NULL),
(58, 29, '21/02/02', NULL, NULL),
(59, 29, '16/07/99', NULL, NULL),
(60, 29, '25/01/02', NULL, NULL),
(61, 29, '01/03/05', NULL, NULL),
(62, 29, '20/06/05', NULL, NULL),
(63, 29, '22/09/00', NULL, NULL),
(64, 29, '27/04/02', NULL, NULL),
(57, 30, '10/02/03', NULL, NULL),
(58, 30, '03/04/04', NULL, NULL),
(59, 30, '17/08/06', NULL, NULL),
(60, 30, '27/02/04', NULL, NULL),
(61, 30, '12/11/02', NULL, NULL),
(62, 30, '17/07/04', NULL, NULL),
(63, 30, '06/02/02', NULL, NULL),
(64, 30, '31/07/06', NULL, NULL),
(66, 1, '29/11/01', NULL, NULL),
(66, 2, '24/07/00', NULL, NULL),
(66, 3, '08/12/07', NULL, NULL),
(66, 4, '14/02/02', NULL, NULL),
(66, 5, '27/03/07', NULL, NULL),
(66, 6, '09/07/04', NULL, NULL),
(66, 7, '16/07/03', NULL, NULL),
(66, 8, '01/10/99', NULL, NULL),
(66, 9, '15/11/03', NULL, NULL),
(66, 10, '14/09/01', NULL, NULL),
(66, 11, '16/02/07', NULL, NULL),
(66, 12, '05/07/05', NULL, NULL),
(66, 13, '16/11/07', NULL, NULL),
(66, 14, '12/06/01', NULL, NULL),
(66, 15, '27/01/03', NULL, NULL),
(66, 16, '10/01/02', NULL, NULL),
(66, 17, '12/10/02', NULL, NULL),
(66, 18, '22/11/06', NULL, NULL),
(66, 19, '29/08/01', NULL, NULL),
(66, 20, '04/01/02', NULL, NULL),
(66, 21, '01/07/01', NULL, NULL),
(66, 22, '15/01/07', NULL, NULL),
(66, 23, '31/01/05', NULL, NULL),
(66, 24, '08/02/01', NULL, NULL),
(66, 25, '06/04/07', NULL, NULL),
(66, 26, '01/07/07', NULL, NULL),
(66, 27, '23/01/06', NULL, NULL),
(66, 28, '26/06/99', NULL, NULL),
(66, 29, '13/12/00', NULL, NULL),
(66, 30, '01/11/06', NULL, NULL),
(68, 1, '02/10/02', NULL, NULL),
(68, 2, '22/02/99', NULL, NULL),
(68, 3, '22/04/00', NULL, NULL),
(68, 4, '12/08/04', NULL, NULL),
(68, 5, '20/09/02', NULL, NULL),
(68, 6, '23/10/02', NULL, NULL),
(68, 7, '01/10/06', NULL, NULL),
(68, 8, '11/11/07', NULL, NULL),
(68, 9, '28/05/07', NULL, NULL),
(68, 10, '22/03/02', NULL, NULL),
(68, 11, '10/06/08', NULL, NULL),
(68, 12, '16/03/04', NULL, NULL),
(68, 13, '30/08/03', NULL, NULL),
(68, 14, '25/08/08', NULL, NULL),
(68, 15, '01/01/07', NULL, NULL),
(68, 16, '27/08/08', NULL, NULL),
(68, 17, '20/12/99', NULL, NULL),
(68, 18, '22/09/00', NULL, NULL),
(68, 19, '28/01/02', NULL, NULL),
(68, 20, '10/05/00', NULL, NULL),
(68, 21, '24/04/06', NULL, NULL),
(68, 22, '28/09/06', NULL, NULL),
(68, 23, '30/06/07', NULL, NULL),
(68, 24, '12/02/00', NULL, NULL),
(68, 25, '25/09/01', NULL, NULL),
(68, 26, '30/12/03', NULL, NULL),
(68, 27, '04/02/00', NULL, NULL),
(68, 28, '05/10/07', NULL, NULL),
(68, 29, '25/09/04', NULL, NULL),
(68, 30, '16/07/08', NULL, NULL),
(69, 1, '10/03/05', NULL, NULL),
(70, 1, '13/07/04', NULL, NULL),
(71, 1, '27/02/05', NULL, NULL),
(72, 1, '07/09/03', NULL, NULL),
(73, 1, '23/06/08', NULL, NULL),
(74, 1, '13/07/04', NULL, NULL),
(69, 2, '01/02/00', NULL, NULL),
(70, 2, '16/04/08', NULL, NULL),
(71, 2, '24/06/99', NULL, NULL),
(72, 2, '14/10/03', NULL, NULL),
(73, 2, '22/12/04', NULL, NULL),
(69, 3, '23/03/00', NULL, NULL),
(70, 3, '06/07/99', NULL, NULL),
(71, 3, '13/03/07', NULL, NULL),
(72, 3, '18/05/06', NULL, NULL),
(73, 3, '27/04/05', NULL, NULL),
(74, 3, '13/02/05', NULL, NULL),
(69, 4, '27/10/05', NULL, NULL),
(70, 4, '27/11/03', NULL, NULL),
(71, 4, '29/05/07', NULL, NULL),
(72, 4, '03/02/08', NULL, NULL),
(73, 4, '27/09/02', NULL, NULL),
(69, 5, '25/06/03', NULL, NULL),
(70, 5, '12/09/05', NULL, NULL),
(71, 5, '08/09/05', NULL, NULL),
(72, 5, '10/07/00', NULL, NULL),
(73, 5, '20/08/06', NULL, NULL),
(74, 5, '06/04/08', NULL, NULL),
(69, 6, '07/07/06', NULL, NULL),
(70, 6, '20/07/08', NULL, NULL),
(71, 6, '18/01/06', NULL, NULL),
(69, 7, '15/03/04', NULL, NULL),
(70, 7, '09/02/99', NULL, NULL),
(71, 7, '17/01/07', NULL, NULL),
(69, 8, '23/11/04', NULL, NULL),
(70, 8, '26/04/08', NULL, NULL),
(69, 9, '26/10/04', NULL, NULL),
(70, 9, '03/07/04', NULL, NULL),
(69, 10, '20/06/07', NULL, NULL),
(70, 10, '24/04/08', NULL, NULL),
(71, 10, '21/02/04', NULL, NULL),
(72, 10, '24/01/05', NULL, NULL),
(69, 11, '16/12/03', NULL, NULL),
(70, 11, '17/03/07', NULL, NULL),
(69, 12, '10/03/99', NULL, NULL),
(70, 12, '21/06/03', NULL, NULL),
(71, 12, '25/11/99', NULL, NULL),
(72, 12, '22/08/00', NULL, NULL),
(73, 12, '04/06/05', NULL, NULL),
(74, 12, '20/01/06', NULL, NULL),
(69, 13, '11/08/99', NULL, NULL),
(70, 13, '15/07/02', NULL, NULL),
(71, 13, '28/12/06', NULL, NULL),
(72, 13, '06/08/03', NULL, NULL),
(69, 14, '16/01/02', NULL, NULL),
(70, 14, '04/06/05', NULL, NULL),
(71, 14, '13/08/99', NULL, NULL),
(69, 15, '23/05/99', NULL, NULL),
(70, 15, '23/06/01', NULL, NULL),
(71, 15, '11/09/04', NULL, NULL),
(72, 15, '18/07/08', NULL, NULL),
(73, 15, '24/11/01', NULL, NULL),
(69, 16, '12/09/02', NULL, NULL),
(69, 17, '24/04/02', NULL, NULL),
(70, 17, '29/01/03', NULL, NULL),
(71, 17, '21/10/99', NULL, NULL),
(72, 17, '05/07/08', NULL, NULL),
(73, 17, '27/11/00', NULL, NULL),
(69, 18, '20/07/05', NULL, NULL),
(70, 18, '12/06/08', NULL, NULL),
(71, 18, '14/06/07', NULL, NULL),
(72, 18, '31/05/07', NULL, NULL),
(73, 18, '14/06/00', NULL, NULL),
(74, 18, '25/09/02', NULL, NULL),
(69, 19, '24/07/99', NULL, NULL),
(69, 20, '03/11/00', NULL, NULL),
(69, 21, '02/10/99', NULL, NULL),
(69, 22, '12/03/04', NULL, NULL),
(70, 22, '03/07/01', NULL, NULL),
(69, 23, '15/10/00', NULL, NULL),
(70, 23, '09/11/07', NULL, NULL),
(71, 23, '18/01/01', NULL, NULL),
(72, 23, '05/02/00', NULL, NULL),
(69, 24, '17/09/04', NULL, NULL),
(70, 24, '16/08/04', NULL, NULL),
(71, 24, '01/03/01', NULL, NULL),
(72, 24, '25/09/05', NULL, NULL),
(69, 25, '18/07/07', NULL, NULL),
(70, 25, '13/09/00', NULL, NULL),
(71, 25, '31/05/00', NULL, NULL),
(69, 26, '16/01/06', NULL, NULL),
(70, 26, '27/11/00', NULL, NULL),
(71, 26, '27/04/99', NULL, NULL),
(72, 26, '31/03/01', NULL, NULL),
(73, 26, '30/08/05', NULL, NULL),
(74, 26, '17/01/05', NULL, NULL),
(69, 27, '22/12/02', NULL, NULL),
(70, 27, '25/12/05', NULL, NULL),
(71, 27, '29/04/00', NULL, NULL),
(72, 27, '03/05/07', NULL, NULL),
(73, 27, '22/05/00', NULL, NULL),
(69, 28, '23/07/07', NULL, NULL),
(70, 28, '01/01/04', NULL, NULL),
(69, 29, '13/10/05', NULL, NULL),
(70, 29, '26/06/04', NULL, NULL),
(71, 29, '07/12/05', NULL, NULL),
(72, 29, '11/05/04', NULL, NULL),
(69, 30, '03/09/05', NULL, NULL),
(70, 30, '25/06/04', NULL, NULL),
(71, 30, '12/07/06', NULL, NULL),
(72, 30, '25/02/01', NULL, NULL),
(76, 1, '16/03/02', NULL, NULL),
(77, 1, '04/04/06', NULL, NULL),
(76, 2, '12/11/01', NULL, NULL),
(76, 3, '22/12/06', NULL, NULL),
(77, 3, '19/06/01', NULL, NULL),
(76, 4, '31/01/03', NULL, NULL),
(76, 5, '18/10/05', NULL, NULL),
(77, 5, '21/02/99', NULL, NULL),
(78, 5, '01/03/08', NULL, NULL),
(79, 5, '25/06/08', NULL, NULL),
(76, 6, '22/05/99', NULL, NULL),
(77, 6, '04/07/99', NULL, NULL),
(78, 6, '09/04/04', NULL, NULL),
(79, 6, '26/08/08', NULL, NULL),
(76, 7, '16/05/00', NULL, NULL),
(76, 8, '24/08/06', NULL, NULL),
(77, 8, '05/12/02', NULL, NULL),
(76, 9, '24/12/02', NULL, NULL),
(77, 9, '16/05/07', NULL, NULL),
(78, 9, '22/11/05', NULL, NULL),
(79, 9, '11/02/05', NULL, NULL),
(80, 9, '11/03/08', NULL, NULL),
(76, 10, '09/07/02', NULL, NULL),
(77, 10, '02/07/08', NULL, NULL),
(78, 10, '12/01/06', NULL, NULL),
(76, 11, '03/05/08', NULL, NULL),
(77, 11, '17/03/01', NULL, NULL),
(78, 11, '11/06/08', NULL, NULL),
(79, 11, '09/05/01', NULL, NULL),
(80, 11, '06/09/01', NULL, NULL),
(76, 12, '14/04/99', NULL, NULL),
(77, 12, '11/09/07', NULL, NULL),
(78, 12, '06/06/03', NULL, NULL),
(79, 12, '22/02/04', NULL, NULL),
(80, 12, '27/06/03', NULL, NULL),
(76, 13, '09/06/06', NULL, NULL),
(77, 13, '22/11/99', NULL, NULL),
(78, 13, '01/02/04', NULL, NULL),
(79, 13, '21/10/06', NULL, NULL),
(76, 14, '17/06/99', NULL, NULL),
(77, 14, '22/01/99', NULL, NULL),
(78, 14, '21/06/06', NULL, NULL),
(79, 14, '26/04/01', NULL, NULL),
(76, 15, '28/09/07', NULL, NULL),
(76, 16, '09/06/07', NULL, NULL),
(76, 17, '30/11/06', NULL, NULL),
(77, 17, '19/07/03', NULL, NULL),
(78, 17, '06/11/02', NULL, NULL),
(79, 17, '15/12/03', NULL, NULL),
(76, 18, '22/06/08', NULL, NULL),
(77, 18, '19/08/00', NULL, NULL),
(78, 18, '09/03/08', NULL, NULL),
(79, 18, '21/01/99', NULL, NULL),
(76, 19, '20/07/08', NULL, NULL),
(77, 19, '21/07/04', NULL, NULL),
(76, 20, '23/07/04', NULL, NULL),
(77, 20, '06/07/05', NULL, NULL),
(78, 20, '25/02/06', NULL, NULL),
(79, 20, '10/10/02', NULL, NULL),
(80, 20, '16/08/00', NULL, NULL),
(76, 21, '23/01/08', NULL, NULL),
(76, 22, '03/01/03', NULL, NULL),
(77, 22, '27/07/05', NULL, NULL),
(78, 22, '01/04/08', NULL, NULL),
(79, 22, '08/03/02', NULL, NULL),
(76, 23, '04/04/00', NULL, NULL),
(77, 23, '13/01/05', NULL, NULL),
(78, 23, '04/12/07', NULL, NULL),
(76, 24, '19/08/08', NULL, NULL),
(77, 24, '14/08/06', NULL, NULL),
(78, 24, '24/11/05', NULL, NULL),
(79, 24, '11/07/05', NULL, NULL),
(80, 24, '07/04/03', NULL, NULL),
(76, 25, '06/06/07', NULL, NULL),
(77, 25, '22/01/05', NULL, NULL),
(78, 25, '05/08/03', NULL, NULL),
(79, 25, '17/07/03', NULL, NULL),
(76, 26, '01/04/06', NULL, NULL),
(77, 26, '11/06/05', NULL, NULL),
(78, 26, '15/12/02', NULL, NULL),
(79, 26, '16/08/02', NULL, NULL),
(80, 26, '17/08/02', NULL, NULL),
(76, 27, '31/10/02', NULL, NULL),
(77, 27, '04/02/08', NULL, NULL),
(78, 27, '26/04/01', NULL, NULL),
(79, 27, '26/10/99', NULL, NULL),
(76, 28, '09/01/03', NULL, NULL),
(77, 28, '07/04/04', NULL, NULL),
(78, 28, '09/12/05', NULL, NULL),
(76, 29, '23/08/99', NULL, NULL),
(76, 30, '01/04/00', NULL, NULL),
(77, 30, '24/02/04', NULL, NULL),
(78, 30, '07/10/06', NULL, NULL),
(82, 1, '25/01/06', NULL, NULL),
(82, 2, '03/08/08', NULL, NULL),
(82, 3, '21/01/01', NULL, NULL),
(82, 4, '17/11/00', NULL, NULL),
(82, 5, '14/12/00', NULL, NULL),
(82, 6, '14/11/07', NULL, NULL),
(82, 7, '11/04/02', NULL, NULL),
(82, 8, '18/08/06', NULL, NULL),
(82, 9, '05/05/02', NULL, NULL),
(82, 10, '24/02/07', NULL, NULL),
(82, 11, '25/09/00', NULL, NULL),
(82, 12, '24/07/02', NULL, NULL),
(82, 13, '22/12/07', NULL, NULL),
(82, 14, '21/11/00', NULL, NULL),
(82, 15, '27/08/00', NULL, NULL),
(82, 16, '02/08/06', NULL, NULL),
(82, 17, '02/10/00', NULL, NULL),
(82, 18, '01/08/00', NULL, NULL),
(82, 19, '05/07/00', NULL, NULL),
(82, 20, '28/12/03', NULL, NULL),
(82, 21, '18/10/05', NULL, NULL),
(82, 22, '05/10/07', NULL, NULL),
(82, 23, '03/10/04', NULL, NULL),
(82, 24, '13/09/08', NULL, NULL),
(82, 25, '21/11/02', NULL, NULL),
(82, 26, '05/03/06', NULL, NULL),
(82, 27, '09/05/07', NULL, NULL),
(82, 28, '12/05/07', NULL, NULL),
(82, 29, '02/10/03', NULL, NULL),
(82, 30, '31/07/08', NULL, NULL),
(83, 1, '05/01/03', NULL, NULL),
(83, 2, '14/04/02', NULL, NULL),
(83, 3, '04/01/01', NULL, NULL),
(83, 4, '15/03/04', NULL, NULL),
(83, 5, '25/10/04', NULL, NULL),
(83, 6, '05/04/03', NULL, NULL),
(83, 7, '08/01/00', NULL, NULL),
(83, 8, '28/02/05', NULL, NULL),
(83, 9, '12/02/04', NULL, NULL),
(83, 10, '16/05/06', NULL, NULL),
(83, 11, '03/08/05', NULL, NULL),
(83, 12, '27/06/07', NULL, NULL),
(83, 13, '15/01/07', NULL, NULL),
(83, 14, '21/03/07', NULL, NULL),
(83, 15, '14/10/99', NULL, NULL),
(83, 16, '20/06/01', NULL, NULL),
(83, 17, '22/03/04', NULL, NULL),
(83, 18, '10/07/02', NULL, NULL),
(83, 19, '08/12/07', NULL, NULL),
(83, 20, '15/11/07', NULL, NULL),
(83, 21, '16/10/03', NULL, NULL),
(83, 22, '09/12/99', NULL, NULL),
(83, 23, '21/03/05', NULL, NULL),
(83, 24, '23/09/99', NULL, NULL),
(83, 25, '09/02/04', NULL, NULL),
(83, 26, '02/06/08', NULL, NULL),
(83, 27, '24/01/00', NULL, NULL),
(83, 28, '21/12/02', NULL, NULL),
(83, 29, '04/12/04', NULL, NULL),
(83, 30, '19/06/99', NULL, NULL),
(84, 1, '19/02/01', NULL, NULL),
(85, 1, '01/09/06', NULL, NULL),
(86, 1, '25/07/99', NULL, NULL),
(84, 2, '29/05/00', NULL, NULL),
(84, 3, '15/03/08', NULL, NULL),
(85, 3, '20/03/99', NULL, NULL),
(86, 3, '26/08/00', NULL, NULL),
(87, 3, '18/04/04', NULL, NULL),
(88, 3, '26/04/08', NULL, NULL),
(89, 3, '03/03/99', NULL, NULL),
(84, 4, '23/04/07', NULL, NULL),
(85, 4, '09/01/07', NULL, NULL),
(86, 4, '25/01/02', NULL, NULL),
(87, 4, '02/12/01', NULL, NULL),
(88, 4, '18/03/08', NULL, NULL),
(89, 4, '29/12/02', NULL, NULL),
(84, 5, '16/06/01', NULL, NULL),
(85, 5, '24/11/06', NULL, NULL),
(86, 5, '05/02/07', NULL, NULL),
(84, 6, '05/01/99', NULL, NULL),
(85, 6, '09/06/05', NULL, NULL),
(84, 7, '29/05/00', NULL, NULL),
(85, 7, '17/04/99', NULL, NULL),
(86, 7, '25/12/02', NULL, NULL),
(87, 7, '10/11/00', NULL, NULL),
(88, 7, '30/04/00', NULL, NULL),
(89, 7, '24/02/01', NULL, NULL),
(84, 8, '17/02/02', NULL, NULL),
(85, 8, '13/03/05', NULL, NULL),
(86, 8, '04/04/01', NULL, NULL),
(87, 8, '28/05/99', NULL, NULL),
(88, 8, '12/02/04', NULL, NULL),
(89, 8, '14/11/06', NULL, NULL),
(90, 8, '22/11/07', NULL, NULL),
(84, 9, '23/11/02', NULL, NULL),
(84, 10, '24/07/03', NULL, NULL),
(85, 10, '14/09/06', NULL, NULL),
(86, 10, '31/08/03', NULL, NULL),
(84, 11, '19/10/06', NULL, NULL),
(85, 11, '18/12/06', NULL, NULL),
(86, 11, '18/09/04', NULL, NULL),
(84, 12, '28/08/08', NULL, NULL),
(85, 12, '23/07/07', NULL, NULL),
(86, 12, '20/08/03', NULL, NULL),
(87, 12, '22/02/01', NULL, NULL),
(88, 12, '14/05/03', NULL, NULL),
(89, 12, '22/05/07', NULL, NULL),
(90, 12, '15/09/01', NULL, NULL),
(84, 13, '07/01/01', NULL, NULL),
(85, 13, '28/04/00', NULL, NULL),
(84, 14, '19/10/02', NULL, NULL),
(85, 14, '28/12/03', NULL, NULL),
(84, 15, '12/05/05', NULL, NULL),
(85, 15, '05/04/99', NULL, NULL),
(84, 16, '26/05/02', NULL, NULL),
(85, 16, '13/03/00', NULL, NULL),
(86, 16, '26/01/01', NULL, NULL),
(87, 16, '06/07/08', NULL, NULL),
(88, 16, '19/11/06', NULL, NULL),
(89, 16, '07/07/05', NULL, NULL),
(90, 16, '06/01/06', NULL, NULL),
(84, 17, '08/01/02', NULL, NULL),
(85, 17, '27/10/04', NULL, NULL),
(86, 17, '23/10/06', NULL, NULL),
(87, 17, '29/08/03', NULL, NULL),
(88, 17, '21/10/02', NULL, NULL),
(84, 18, '18/03/99', NULL, NULL),
(84, 19, '28/06/05', NULL, NULL),
(85, 19, '22/06/02', NULL, NULL),
(86, 19, '06/07/05', NULL, NULL),
(84, 20, '31/10/04', NULL, NULL),
(85, 20, '22/11/06', NULL, NULL),
(86, 20, '11/04/03', NULL, NULL),
(87, 20, '21/09/00', NULL, NULL),
(88, 20, '27/08/05', NULL, NULL),
(89, 20, '06/12/00', NULL, NULL),
(84, 21, '04/01/02', NULL, NULL),
(85, 21, '08/07/99', NULL, NULL),
(86, 21, '14/05/02', NULL, NULL),
(84, 22, '12/05/00', NULL, NULL),
(85, 22, '10/11/04', NULL, NULL),
(86, 22, '17/01/05', NULL, NULL),
(84, 23, '07/02/05', NULL, NULL),
(85, 23, '28/06/01', NULL, NULL),
(86, 23, '28/08/04', NULL, NULL),
(87, 23, '12/10/04', NULL, NULL),
(88, 23, '02/11/00', NULL, NULL),
(89, 23, '19/09/99', NULL, NULL),
(84, 24, '09/01/08', NULL, NULL),
(84, 25, '03/10/01', NULL, NULL),
(85, 25, '26/11/00', NULL, NULL),
(84, 26, '24/10/06', NULL, NULL),
(85, 26, '05/01/04', NULL, NULL),
(86, 26, '28/07/99', NULL, NULL),
(87, 26, '01/05/02', NULL, NULL),
(84, 27, '07/07/03', NULL, NULL),
(85, 27, '14/07/03', NULL, NULL),
(86, 27, '11/09/99', NULL, NULL),
(87, 27, '25/04/99', NULL, NULL),
(88, 27, '16/02/02', NULL, NULL),
(89, 27, '17/03/05', NULL, NULL),
(90, 27, '14/10/01', NULL, NULL),
(84, 28, '21/02/99', NULL, NULL),
(85, 28, '22/10/99', NULL, NULL),
(86, 28, '23/03/06', NULL, NULL),
(87, 28, '17/11/07', NULL, NULL),
(88, 28, '16/02/01', NULL, NULL),
(89, 28, '22/08/04', NULL, NULL),
(90, 28, '10/01/00', NULL, NULL),
(84, 29, '15/09/04', NULL, NULL),
(85, 29, '26/12/04', NULL, NULL),
(86, 29, '20/08/03', NULL, NULL),
(87, 29, '16/03/06', NULL, NULL),
(88, 29, '08/09/02', NULL, NULL),
(84, 30, '17/10/99', NULL, NULL),
(85, 30, '03/08/07', NULL, NULL),
(86, 30, '22/01/99', NULL, NULL),
(87, 30, '02/02/08', NULL, NULL),
(88, 30, '14/07/08', NULL, NULL),
(1, 1, '04/06/04', NULL, NULL),
(2, 1, '28/03/03', NULL, NULL),
(1, 2, '29/12/03', NULL, NULL),
(2, 2, '30/01/08', NULL, NULL),
(3, 2, '16/08/03', NULL, NULL),
(4, 2, '29/03/01', NULL, NULL),
(5, 2, '06/08/03', NULL, NULL),
(1, 3, '10/10/00', NULL, NULL),
(2, 3, '23/10/99', NULL, NULL),
(3, 3, '30/05/04', NULL, NULL),
(4, 3, '18/07/07', NULL, NULL),
(5, 3, '16/04/99', NULL, NULL),
(6, 3, '21/03/08', NULL, NULL),
(1, 4, '31/07/04', NULL, NULL),
(2, 4, '26/02/04', NULL, NULL),
(1, 5, '10/09/02', NULL, NULL),
(2, 5, '18/05/08', NULL, NULL),
(1, 6, '30/03/08', NULL, NULL),
(1, 7, '30/05/03', NULL, NULL),
(2, 7, '07/09/99', NULL, NULL),
(3, 7, '21/09/02', NULL, NULL),
(4, 7, '30/04/03', NULL, NULL),
(5, 7, '02/06/99', NULL, NULL),
(6, 7, '18/04/02', NULL, NULL),
(7, 7, '24/12/05', NULL, NULL),
(1, 8, '27/09/99', NULL, NULL),
(2, 8, '19/06/02', NULL, NULL),
(3, 8, '15/05/02', NULL, NULL),
(4, 8, '10/11/00', NULL, NULL),
(5, 8, '11/11/01', NULL, NULL),
(6, 8, '08/01/03', NULL, NULL),
(1, 9, '29/08/05', NULL, NULL),
(2, 9, '13/04/03', NULL, NULL),
(3, 9, '07/01/03', NULL, NULL),
(4, 9, '05/09/08', NULL, NULL),
(1, 10, '02/03/06', NULL, NULL),
(1, 11, '21/05/00', NULL, NULL),
(2, 11, '28/06/02', NULL, NULL),
(3, 11, '14/10/07', NULL, NULL),
(4, 11, '06/05/03', NULL, NULL),
(5, 11, '17/11/01', NULL, NULL),
(6, 11, '22/05/00', NULL, NULL),
(7, 11, '04/02/07', NULL, NULL),
(1, 12, '12/05/99', NULL, NULL),
(1, 13, '02/12/03', NULL, NULL),
(1, 14, '26/04/08', NULL, NULL),
(2, 14, '29/06/08', NULL, NULL),
(3, 14, '30/11/06', NULL, NULL),
(4, 14, '20/03/08', NULL, NULL),
(5, 14, '20/06/01', NULL, NULL),
(6, 14, '18/11/06', NULL, NULL),
(7, 14, '27/03/04', NULL, NULL),
(1, 15, '08/04/06', NULL, NULL),
(2, 15, '31/08/00', NULL, NULL),
(3, 15, '23/04/03', NULL, NULL),
(4, 15, '29/07/03', NULL, NULL),
(1, 16, '14/02/99', NULL, NULL),
(2, 16, '02/03/08', NULL, NULL),
(3, 16, '12/08/01', NULL, NULL),
(4, 16, '01/01/03', NULL, NULL),
(5, 16, '21/10/05', NULL, NULL),
(6, 16, '19/12/99', NULL, NULL),
(7, 16, '23/11/99', NULL, NULL),
(1, 17, '15/06/02', NULL, NULL),
(2, 17, '10/01/04', NULL, NULL),
(1, 18, '18/09/04', NULL, NULL),
(2, 18, '05/07/07', NULL, NULL),
(3, 18, '23/11/02', NULL, NULL),
(4, 18, '03/05/06', NULL, NULL),
(5, 18, '15/09/06', NULL, NULL),
(1, 19, '27/03/02', NULL, NULL),
(2, 19, '12/12/01', NULL, NULL),
(3, 19, '12/08/00', NULL, NULL),
(4, 19, '14/01/00', NULL, NULL),
(5, 19, '02/07/02', NULL, NULL),
(1, 20, '21/10/03', NULL, NULL),
(2, 20, '07/07/08', NULL, NULL),
(3, 20, '11/03/07', NULL, NULL),
(4, 20, '17/03/06', NULL, NULL),
(5, 20, '22/12/00', NULL, NULL),
(6, 20, '25/09/00', NULL, NULL),
(1, 21, '28/07/99', NULL, NULL),
(2, 21, '11/08/02', NULL, NULL),
(3, 21, '19/03/07', NULL, NULL),
(4, 21, '14/12/05', NULL, NULL),
(1, 22, '12/03/07', NULL, NULL),
(2, 22, '21/01/08', NULL, NULL),
(3, 22, '29/06/00', NULL, NULL),
(4, 22, '01/08/01', NULL, NULL),
(5, 22, '19/07/02', NULL, NULL),
(1, 23, '14/05/05', NULL, NULL),
(1, 24, '07/04/07', NULL, NULL),
(2, 24, '25/01/01', NULL, NULL),
(3, 24, '25/10/05', NULL, NULL),
(4, 24, '08/06/99', NULL, NULL),
(1, 25, '20/06/07', NULL, NULL),
(2, 25, '13/02/06', NULL, NULL),
(3, 25, '18/11/07', NULL, NULL),
(1, 26, '21/10/06', NULL, NULL),
(2, 26, '24/05/01', NULL, NULL),
(1, 27, '19/08/08', NULL, NULL),
(2, 27, '14/08/06', NULL, NULL),
(3, 27, '30/01/99', NULL, NULL),
(1, 28, '15/07/07', NULL, NULL),
(2, 28, '15/05/04', NULL, NULL),
(3, 28, '17/06/00', NULL, NULL),
(4, 28, '31/10/04', NULL, NULL),
(5, 28, '04/12/00', NULL, NULL),
(1, 29, '26/09/02', NULL, NULL),
(2, 29, '03/03/03', NULL, NULL),
(1, 30, '20/05/04', NULL, NULL),
(2, 30, '08/03/99', NULL, NULL),
(3, 30, '06/07/00', NULL, NULL),
(4, 30, '08/11/04', NULL, NULL),
(5, 30, '06/08/08', NULL, NULL),
(6, 30, '28/03/07', NULL, NULL),
(9, 1, '06/02/02', NULL, NULL),
(9, 2, '28/12/06', NULL, NULL),
(9, 3, '30/03/07', NULL, NULL),
(9, 4, '08/05/05', NULL, NULL),
(9, 5, '14/07/08', NULL, NULL),
(9, 6, '21/07/03', NULL, NULL),
(9, 7, '02/02/05', NULL, NULL),
(9, 8, '10/02/02', NULL, NULL),
(9, 9, '09/09/03', NULL, NULL),
(9, 10, '31/05/07', NULL, NULL),
(9, 11, '09/06/01', NULL, NULL),
(9, 12, '16/06/08', NULL, NULL),
(9, 13, '14/06/06', NULL, NULL),
(9, 14, '11/12/00', NULL, NULL),
(9, 15, '30/04/07', NULL, NULL),
(9, 16, '07/01/08', NULL, NULL),
(9, 17, '18/05/07', NULL, NULL),
(9, 18, '03/11/01', NULL, NULL),
(9, 19, '13/06/02', NULL, NULL),
(9, 20, '28/11/99', NULL, NULL),
(9, 21, '07/06/01', NULL, NULL),
(9, 22, '01/05/08', NULL, NULL),
(9, 23, '07/04/08', NULL, NULL),
(9, 24, '01/06/00', NULL, NULL),
(9, 25, '02/05/07', NULL, NULL),
(9, 26, '25/12/05', NULL, NULL),
(9, 27, '23/03/99', NULL, NULL),
(9, 28, '27/06/05', NULL, NULL),
(9, 29, '26/07/06', NULL, NULL),
(9, 30, '04/07/07', NULL, NULL),
(10, 1, '13/06/00', NULL, NULL),
(11, 1, '17/08/04', NULL, NULL),
(12, 1, '24/09/99', NULL, NULL),
(13, 1, '04/03/07', NULL, NULL),
(14, 1, '10/06/06', NULL, NULL),
(10, 2, '25/11/00', NULL, NULL),
(11, 2, '15/07/08', NULL, NULL),
(12, 2, '20/09/02', NULL, NULL),
(13, 2, '07/01/03', NULL, NULL),
(14, 2, '31/07/04', NULL, NULL),
(10, 3, '16/12/07', NULL, NULL),
(11, 3, '03/01/07', NULL, NULL),
(12, 3, '30/09/02', NULL, NULL),
(13, 3, '18/12/00', NULL, NULL),
(14, 3, '17/03/06', NULL, NULL),
(10, 4, '13/02/08', NULL, NULL),
(10, 5, '04/11/04', NULL, NULL),
(11, 5, '05/12/07', NULL, NULL),
(12, 5, '15/03/07', NULL, NULL),
(13, 5, '19/07/07', NULL, NULL),
(10, 6, '06/10/04', NULL, NULL),
(11, 6, '10/08/05', NULL, NULL),
(12, 6, '15/03/05', NULL, NULL),
(10, 7, '10/08/00', NULL, NULL),
(10, 8, '24/11/03', NULL, NULL),
(11, 8, '26/04/01', NULL, NULL),
(12, 8, '19/08/00', NULL, NULL),
(13, 8, '06/10/05', NULL, NULL),
(10, 9, '29/08/02', NULL, NULL),
(10, 10, '24/10/06', NULL, NULL),
(10, 11, '15/02/00', NULL, NULL),
(11, 11, '30/12/05', NULL, NULL),
(10, 12, '21/07/06', NULL, NULL),
(10, 13, '28/12/99', NULL, NULL),
(11, 13, '09/07/99', NULL, NULL),
(12, 13, '05/06/06', NULL, NULL),
(13, 13, '03/02/08', NULL, NULL),
(14, 13, '12/11/04', NULL, NULL),
(10, 14, '03/09/02', NULL, NULL),
(11, 14, '13/02/08', NULL, NULL),
(12, 14, '20/12/05', NULL, NULL),
(13, 14, '21/08/04', NULL, NULL),
(14, 14, '14/04/04', NULL, NULL),
(10, 15, '02/05/06', NULL, NULL),
(11, 15, '21/08/03', NULL, NULL),
(10, 16, '30/12/07', NULL, NULL),
(11, 16, '16/02/06', NULL, NULL),
(12, 16, '11/09/03', NULL, NULL),
(13, 16, '13/01/05', NULL, NULL),
(14, 16, '24/08/04', NULL, NULL),
(15, 16, '10/08/01', NULL, NULL),
(10, 17, '17/11/01', NULL, NULL),
(11, 17, '30/06/08', NULL, NULL),
(12, 17, '27/10/00', NULL, NULL),
(13, 17, '17/03/04', NULL, NULL);

-- --------------------------------------------------------

--
-- Estrutura da tabela `tb_papel`
--

CREATE TABLE `tb_papel` (
  `COD_PAPEL` int(11) NOT NULL,
  `DESCRICAO` varchar(60) DEFAULT NULL
) ENGINE=InnoDB DEFAULT CHARSET=latin1;

--
-- Extraindo dados da tabela `tb_papel`
--

INSERT INTO `tb_papel` (`COD_PAPEL`, `DESCRICAO`) VALUES
(1, 'ATOR PRINCIPAL'),
(2, 'ATRIZ PRINCIPAL'),
(3, 'ATOR COADJUVANTE'),
(4, 'ATRIZ COADJUVANTE'),
(5, 'DIRETOR');

-- --------------------------------------------------------

--
-- Estrutura da tabela `tb_participacao`
--

CREATE TABLE `tb_participacao` (
  `COD_PAPEL` int(11) NOT NULL,
  `COD_PROFICIONAL_CINEMA` int(11) NOT NULL,
  `COD_FILME` int(11) NOT NULL
) ENGINE=InnoDB DEFAULT CHARSET=latin1;

--
-- Extraindo dados da tabela `tb_participacao`
--

INSERT INTO `tb_participacao` (`COD_PAPEL`, `COD_PROFICIONAL_CINEMA`, `COD_FILME`) VALUES
(1, 7, 9),
(1, 11, 6),
(1, 11, 20),
(1, 16, 7),
(1, 18, 5),
(1, 31, 4),
(1, 37, 1),
(1, 38, 22),
(1, 40, 16),
(1, 41, 13),
(1, 49, 12),
(1, 50, 17),
(1, 52, 2),
(1, 54, 15),
(1, 56, 8),
(1, 61, 19),
(1, 64, 3),
(2, 2, 17),
(2, 3, 9),
(2, 5, 2),
(2, 13, 1),
(2, 19, 12),
(2, 22, 22),
(2, 28, 7),
(2, 30, 5),
(2, 35, 13),
(2, 36, 3),
(2, 45, 8),
(2, 46, 4),
(2, 48, 18),
(2, 53, 6),
(3, 1, 1),
(3, 4, 22),
(3, 8, 11),
(3, 14, 9),
(3, 15, 7),
(3, 15, 15),
(3, 17, 2),
(3, 21, 15),
(3, 23, 5),
(3, 27, 3),
(3, 27, 4),
(3, 39, 13),
(3, 43, 8),
(3, 52, 22),
(3, 55, 6),
(3, 55, 21),
(3, 60, 12),
(4, 12, 6),
(4, 20, 3),
(4, 24, 4),
(4, 33, 5),
(4, 34, 1),
(4, 34, 2),
(4, 42, 17),
(4, 44, 9),
(4, 57, 8),
(4, 59, 7),
(4, 65, 12),
(5, 9, 4),
(5, 10, 11),
(5, 25, 10),
(5, 26, 9),
(5, 29, 7),
(5, 32, 12),
(5, 38, 22),
(5, 47, 6),
(5, 47, 20),
(5, 51, 5),
(5, 58, 1),
(5, 62, 8),
(5, 63, 2),
(5, 64, 3);

-- --------------------------------------------------------

--
-- Estrutura da tabela `tb_profissional_cinema`
--

CREATE TABLE `tb_profissional_cinema` (
  `COD_PROFISSIONAL_CINEMA` int(11) NOT NULL,
  `NOME` varchar(30) DEFAULT NULL,
  `DT_NASCIMENTO` varchar(45) DEFAULT NULL,
  `PAIS_ORIGEM` varchar(20) DEFAULT NULL
) ENGINE=InnoDB DEFAULT CHARSET=latin1;

--
-- Extraindo dados da tabela `tb_profissional_cinema`
--

INSERT INTO `tb_profissional_cinema` (`COD_PROFISSIONAL_CINEMA`, `NOME`, `DT_NASCIMENTO`, `PAIS_ORIGEM`) VALUES
(1, 'Al Pacino', '25/04/1940', 'EUA'),
(2, 'Alfre Woodard', '08/11/1952', 'EUA'),
(3, 'Andie MacDowell', '21/04/1958', 'EUA'),
(4, 'Andy Garcia', '12/04/1956', 'Cuba'),
(5, 'Annabella Sciorra', '29/03/1960', 'EUA'),
(6, 'Antonio Banderas', '10/08/1960', 'Espanha'),
(7, 'Bill Murray', '21/09/1950', 'EUA'),
(8, 'Bill Pullman', '17/12/1953', 'EUA'),
(9, 'Bille August', '09/11/1948', 'Dinamarca'),
(10, 'Brad Silberling', '08/09/1963', 'EUA'),
(11, 'Bruce Willis', '19/03/1955', 'Alemanha'),
(12, 'Charlayne Woodard', '29/12/1953', 'EUA'),
(13, 'Charlize Theron', '07/08/1975', 'África do Sul'),
(14, 'Chris Elliott', '31/05/1960', 'EUA'),
(15, 'Christopher Plummer', '13/12/1929', 'Canada'),
(16, 'Christopher Reeve', '25/09/1952', 'EUA'),
(17, 'Cuba Gooding Jr', '02/01/1968', 'EUA'),
(18, 'David Morse', '11/10/1953', 'EUA'),
(19, 'Demi Moore', '11/11/1962', 'EUA'),
(20, 'Dyan Cannon', '04/01/1937', 'EUA'),
(21, 'Ed Harris', '28/11/1950', 'EUA'),
(22, 'Emma Thompson', '15/04/1959', 'Inglaterra'),
(23, 'Geoffrey Blake', '20/08/1962', NULL),
(24, 'Glenn Close', '19/03/1947', 'EUA'),
(25, 'Hall Bartlett', '27/11/1922', 'EUA'),
(26, 'Harold Ramis', '21/11/1944', 'EUA'),
(27, 'James Mason', '15/05/1909', 'Inglaterra'),
(28, 'Jane Seymour', '15/02/1951', 'Inglaterra'),
(29, 'Jeannot Szwarc', '21/11/1939', 'França'),
(30, 'Jena Malone', '21/11/1984', 'EUA'),
(31, 'Jeremy Irons', '19/09/1948', 'Inglaterra'),
(32, 'Jerry Zucker', '11/03/1950', 'EUA'),
(33, 'Jodie Foster', '19/11/1962', 'EUA'),
(34, 'Judith Ivey', '04/09/1951', 'EUA'),
(35, 'Julia Roberts', '28/10/1967', 'EUA'),
(36, 'Julie Christie', '14/04/1941', 'India'),
(37, 'Keanu Reeves', '02/09/1964', 'Líbano'),
(38, 'Kenneth Branagh', '10/12/1960', 'Inglaterra'),
(39, 'Kevin Bacon', '08/07/1958', 'EUA'),
(40, 'Kevin Costner', '18/01/1955', 'EUA'),
(41, 'Kiefer Sutherland', '21/12/1966', 'Inglaterra'),
(42, 'Kyra Sedgwick', '19/08/1955', 'EUA'),
(43, 'Lance Henriksen', '05/05/1940', 'EUA'),
(44, 'Marita Geraghty', NULL, NULL),
(45, 'Mary Steenburgen', '08/02/1953', 'EUA'),
(46, 'Meryl Streep', '22/06/1949', 'EUA'),
(47, 'M. Night Shyamalan', '06/08/1970', 'India'),
(48, 'Nicole Kidman', '20/06/1967', 'EUA'),
(49, 'Patrick Swayze', '18/08/1952', 'EUA'),
(50, 'Robert Downey Jr,', '04/04/1965', 'EUA'),
(51, 'Robert Zemeckis', '14/05/1951', 'EUA'),
(52, 'Robin Williams', '21/07/1951', 'EUA'),
(53, 'Robin Wright Penn', '08/04/1966', 'EUA'),
(54, 'Russell Crowe', '07/04/1964', 'Nova Zelândia'),
(55, 'Samuel L. Jackson', '21/12/1948', 'EUA'),
(56, 'Sean Patrick Flanery', '11/10/1965', 'EUA'),
(57, 'Susan Tyrrell', '18/03/1945', 'EUA'),
(58, 'Taylor Hackford', '31/12/1944', 'EUA'),
(59, 'Teresa Wright', '27/10/1918', 'EUA'),
(60, 'Tony Goldwyn', '20/05/1960', 'EUA'),
(61, 'Timothy Hutton', '16/08/1960', 'EUA'),
(62, 'Victor Salva', '29/03/1958', 'EUA'),
(63, 'Vincent Ward', NULL, 'Nova Zelândia'),
(64, 'Warren Beatty', '30/03/1937', 'EUA'),
(65, 'Whoopi Goldberg', '13/11/1955', 'EUA');

--
-- Índices para tabelas despejadas
--

--
-- Índices para tabela `tb_cliente`
--
ALTER TABLE `tb_cliente`
  ADD PRIMARY KEY (`COD_CLIENTE`);

--
-- Índices para tabela `tb_exemplar`
--
ALTER TABLE `tb_exemplar`
  ADD PRIMARY KEY (`COD_EXEMPLAR`),
  ADD KEY `COD_FILME` (`COD_FILME`);

--
-- Índices para tabela `tb_filme`
--
ALTER TABLE `tb_filme`
  ADD PRIMARY KEY (`COD_FILME`);

--
-- Índices para tabela `tb_locacao`
--
ALTER TABLE `tb_locacao`
  ADD KEY `COD_EXEMPLAR` (`COD_EXEMPLAR`),
  ADD KEY `COD_CLIENTE` (`COD_CLIENTE`);

--
-- Índices para tabela `tb_papel`
--
ALTER TABLE `tb_papel`
  ADD PRIMARY KEY (`COD_PAPEL`);

--
-- Índices para tabela `tb_participacao`
--
ALTER TABLE `tb_participacao`
  ADD KEY `TB_PARTICIPACAO` (`COD_PAPEL`),
  ADD KEY `COD_PROFICIONAL_CINEMA` (`COD_PROFICIONAL_CINEMA`),
  ADD KEY `COD_FILME` (`COD_FILME`);

--
-- Índices para tabela `tb_profissional_cinema`
--
ALTER TABLE `tb_profissional_cinema`
  ADD PRIMARY KEY (`COD_PROFISSIONAL_CINEMA`);

--
-- AUTO_INCREMENT de tabelas despejadas
--

--
-- AUTO_INCREMENT de tabela `tb_cliente`
--
ALTER TABLE `tb_cliente`
  MODIFY `COD_CLIENTE` int(11) NOT NULL AUTO_INCREMENT, AUTO_INCREMENT=34;

--
-- AUTO_INCREMENT de tabela `tb_exemplar`
--
ALTER TABLE `tb_exemplar`
  MODIFY `COD_EXEMPLAR` int(11) NOT NULL AUTO_INCREMENT, AUTO_INCREMENT=105;

--
-- AUTO_INCREMENT de tabela `tb_filme`
--
ALTER TABLE `tb_filme`
  MODIFY `COD_FILME` int(11) NOT NULL AUTO_INCREMENT, AUTO_INCREMENT=23;

--
-- AUTO_INCREMENT de tabela `tb_locacao`
--
ALTER TABLE `tb_locacao`
  MODIFY `COD_EXEMPLAR` int(11) NOT NULL AUTO_INCREMENT, AUTO_INCREMENT=91;

--
-- Restrições para despejos de tabelas
--

--
-- Limitadores para a tabela `tb_exemplar`
--
ALTER TABLE `tb_exemplar`
  ADD CONSTRAINT `tb_exemplar_ibfk_1` FOREIGN KEY (`COD_FILME`) REFERENCES `tb_filme` (`COD_FILME`);

--
-- Limitadores para a tabela `tb_locacao`
--
ALTER TABLE `tb_locacao`
  ADD CONSTRAINT `tb_locacao_ibfk_1` FOREIGN KEY (`COD_EXEMPLAR`) REFERENCES `tb_exemplar` (`COD_EXEMPLAR`),
  ADD CONSTRAINT `tb_locacao_ibfk_2` FOREIGN KEY (`COD_CLIENTE`) REFERENCES `tb_cliente` (`COD_CLIENTE`);

--
-- Limitadores para a tabela `tb_participacao`
--
ALTER TABLE `tb_participacao`
  ADD CONSTRAINT `TB_PARTICIPACAO` FOREIGN KEY (`COD_PAPEL`) REFERENCES `tb_papel` (`COD_PAPEL`),
  ADD CONSTRAINT `tb_participacao_ibfk_1` FOREIGN KEY (`COD_FILME`) REFERENCES `tb_filme` (`COD_FILME`),
  ADD CONSTRAINT `tb_participacao_ibfk_2` FOREIGN KEY (`COD_PROFICIONAL_CINEMA`) REFERENCES `tb_profissional_cinema` (`COD_PROFISSIONAL_CINEMA`),
  ADD CONSTRAINT `tb_participacao_ibfk_3` FOREIGN KEY (`COD_FILME`) REFERENCES `tb_filme` (`COD_FILME`);
COMMIT;

/*!40101 SET CHARACTER_SET_CLIENT=@OLD_CHARACTER_SET_CLIENT */;
/*!40101 SET CHARACTER_SET_RESULTS=@OLD_CHARACTER_SET_RESULTS */;
/*!40101 SET COLLATION_CONNECTION=@OLD_COLLATION_CONNECTION */;
